date,time,lat,lon,ele
2022-11-12,12:33:53.000,50.6109950,-2.1299116,2
2022-11-12,12:33:58.000,50.6109600,-2.1298680,2
2022-11-12,12:34:03.000,50.6108967,-2.1298389,2
2022-11-12,12:34:08.000,50.6108528,-2.1297709,2
2022-11-12,12:34:13.000,50.6108120,-2.1297105,2
2022-11-12,12:34:18.000,50.6107668,-2.1296573,2
2022-11-12,12:34:23.000,50.6107248,-2.1296019,2
2022-11-12,12:34:28.000,50.6106797,-2.1295481,2
2022-11-12,12:34:33.000,50.6106327,-2.1294898,2
2022-11-12,12:34:38.000,50.6105821,-2.1294326,2
2022-11-12,12:34:43.000,50.6105345,-2.1293801,2
2022-11-12,12:34:48.000,50.6104841,-2.1293178,2
2022-11-12,12:34:53.000,50.6104336,-2.1292633,2
2022-11-12,12:34:58.000,50.6103853,-2.1292241,3
2022-11-12,12:35:03.000,50.6103361,-2.1291754,3
2022-11-12,12:35:08.000,50.6102869,-2.1291183,3
2022-11-12,12:35:13.000,50.6102367,-2.1290646,4
2022-11-12,12:35:18.000,50.6101946,-2.1290151,4
2022-11-12,12:35:23.000,50.6101466,-2.1289655,4
2022-11-12,12:35:28.000,50.6100952,-2.1289171,4
2022-11-12,12:35:33.000,50.6100383,-2.1288755,5
2022-11-12,12:35:38.000,50.6099794,-2.1288353,5
2022-11-12,12:35:43.000,50.6099222,-2.1287934,5
2022-11-12,12:35:48.000,50.6098656,-2.1287564,6
2022-11-12,12:35:53.000,50.6098116,-2.1287191,6
2022-11-12,12:35:58.000,50.6097516,-2.1286776,6
2022-11-12,12:36:03.000,50.6096946,-2.1286359,6
2022-11-12,12:36:08.000,50.6096371,-2.1286108,7
2022-11-12,12:36:13.000,50.6095779,-2.1285877,7
2022-11-12,12:36:18.000,50.6095167,-2.1285618,6
2022-11-12,12:36:23.000,50.6094549,-2.1285407,6
2022-11-12,12:36:28.000,50.6093896,-2.1285303,5
2022-11-12,12:36:33.000,50.6093298,-2.1285129,5
2022-11-12,12:36:38.000,50.6092744,-2.1284959,6
2022-11-12,12:36:43.000,50.6092166,-2.1284783,6
2022-11-12,12:36:48.000,50.6091524,-2.1284695,6
2022-11-12,12:36:53.000,50.6090884,-2.1284478,6
2022-11-12,12:36:58.000,50.6090250,-2.1284259,6
2022-11-12,12:37:03.000,50.6089693,-2.1283877,6
2022-11-12,12:37:08.000,50.6089127,-2.1283406,6
2022-11-12,12:37:13.000,50.6088539,-2.1282960,6
2022-11-12,12:37:18.000,50.6088036,-2.1282432,6
2022-11-12,12:37:23.000,50.6087684,-2.1281844,6
2022-11-12,12:37:28.000,50.6087607,-2.1281155,6
2022-11-12,12:37:33.000,50.6087324,-2.1280663,6
2022-11-12,12:38:15.000,50.6087217,-2.1280522,6
2022-11-12,12:38:30.000,50.6086929,-2.1281169,6
2022-11-12,12:38:35.000,50.6087089,-2.1281363,6
2022-11-12,12:38:46.000,50.6087421,-2.1281776,6
2022-11-12,12:41:13.000,50.6087024,-2.1281800,6
2022-11-12,12:41:25.000,50.6086217,-2.1282098,5
2022-11-12,12:41:30.000,50.6085716,-2.1282564,5
2022-11-12,12:41:35.000,50.6085508,-2.1283124,5
2022-11-12,12:41:40.000,50.6085427,-2.1283759,4
2022-11-12,12:41:45.000,50.6085185,-2.1284481,4
2022-11-12,12:41:50.000,50.6084998,-2.1285191,3
2022-11-12,12:41:55.000,50.6084840,-2.1285905,3
2022-11-12,12:42:00.000,50.6084771,-2.1286977,2
2022-11-12,12:42:05.000,50.6084940,-2.1287907,2
2022-11-12,12:42:10.000,50.6085173,-2.1288812,1
2022-11-12,12:42:15.000,50.6085430,-2.1289630,0
2022-11-12,12:42:20.000,50.6085667,-2.1290569,0
2022-11-12,12:42:25.000,50.6085898,-2.1291501,0
2022-11-12,12:42:30.000,50.6086112,-2.1292552,-1
2022-11-12,12:42:35.000,50.6086247,-2.1293417,-2
2022-11-12,12:42:40.000,50.6086365,-2.1294214,-2
2022-11-12,12:42:45.000,50.6086487,-2.1295107,-3
2022-11-12,12:42:50.000,50.6086598,-2.1295954,-3
2022-11-12,12:42:55.000,50.6086588,-2.1296848,-3
2022-11-12,12:43:00.000,50.6086442,-2.1297733,-4
2022-11-12,12:43:05.000,50.6086276,-2.1298572,-4
2022-11-12,12:43:10.000,50.6086068,-2.1299455,-4
2022-11-12,12:43:15.000,50.6085855,-2.1300377,-4
2022-11-12,12:43:20.000,50.6085644,-2.1301199,-4
2022-11-12,12:43:25.000,50.6085526,-2.1302004,-5
2022-11-12,12:43:30.000,50.6085638,-2.1302482,-5
2022-11-12,12:43:35.000,50.6085969,-2.1302648,-5
2022-11-12,12:43:40.000,50.6086227,-2.1303155,-5
2022-11-12,12:43:45.000,50.6086267,-2.1304026,-6
2022-11-12,12:43:50.000,50.6086265,-2.1304880,-6
2022-11-12,12:44:04.000,50.6086234,-2.1305595,-7
2022-11-12,12:44:09.000,50.6085913,-2.1305999,-7
2022-11-12,12:44:14.000,50.6085590,-2.1306491,-7
2022-11-12,12:44:19.000,50.6085334,-2.1306914,-7
2022-11-12,12:44:24.000,50.6085152,-2.1307430,-7
2022-11-12,12:44:29.000,50.6085330,-2.1307924,-7
2022-11-12,12:44:34.000,50.6085451,-2.1307967,-8
2022-11-12,12:53:01.000,50.6084886,-2.1307842,-8
2022-11-12,12:53:12.000,50.6084566,-2.1307399,-7
2022-11-12,12:53:17.000,50.6084991,-2.1306727,-7
2022-11-12,12:53:22.000,50.6085606,-2.1306111,-7
2022-11-12,12:53:27.000,50.6085995,-2.1305470,-6
2022-11-12,12:53:32.000,50.6086134,-2.1304700,-6
2022-11-12,12:53:37.000,50.6086214,-2.1303972,-6
2022-11-12,12:53:42.000,50.6086283,-2.1303215,-5
2022-11-12,12:53:47.000,50.6086324,-2.1302427,-5
2022-11-12,12:53:52.000,50.6086248,-2.1301697,-5
2022-11-12,12:53:57.000,50.6086027,-2.1301020,-5
2022-11-12,12:54:02.000,50.6085994,-2.1300334,-4
2022-11-12,12:54:07.000,50.6086125,-2.1299566,-4
2022-11-12,12:54:12.000,50.6086289,-2.1298773,-4
2022-11-12,12:54:17.000,50.6086473,-2.1297800,-4
2022-11-12,12:54:22.000,50.6086623,-2.1296931,-4
2022-11-12,12:54:27.000,50.6086650,-2.1296035,-3
2022-11-12,12:54:32.000,50.6086487,-2.1295454,-2
2022-11-12,12:54:37.000,50.6086228,-2.1295763,-1
2022-11-12,12:54:42.000,50.6085969,-2.1296014,0
2022-11-12,12:54:47.000,50.6085738,-2.1296206,0
2022-11-12,12:55:01.000,50.6085268,-2.1296562,4
2022-11-12,12:55:06.000,50.6084925,-2.1296731,5
2022-11-12,12:55:11.000,50.6084594,-2.1296877,6
2022-11-12,12:55:16.000,50.6084270,-2.1297084,7
2022-11-12,12:55:21.000,50.6084084,-2.1297302,7
2022-11-12,12:55:26.000,50.6083831,-2.1297510,8
2022-11-12,12:55:31.000,50.6083630,-2.1297732,9
2022-11-12,12:55:36.000,50.6083351,-2.1298092,10
2022-11-12,12:55:41.000,50.6083057,-2.1298520,11
2022-11-12,12:55:46.000,50.6082694,-2.1298836,11
2022-11-12,12:56:06.000,50.6082467,-2.1299027,13
2022-11-12,12:56:11.000,50.6082178,-2.1299133,13
2022-11-12,12:56:16.000,50.6081806,-2.1299411,14
2022-11-12,12:56:21.000,50.6081499,-2.1299685,15
2022-11-12,12:56:26.000,50.6081216,-2.1300005,16
2022-11-12,12:56:31.000,50.6080923,-2.1300203,17
2022-11-12,12:56:36.000,50.6080599,-2.1300328,18
2022-11-12,12:56:41.000,50.6080323,-2.1300460,20
2022-11-12,12:56:46.000,50.6079971,-2.1300651,21
2022-11-12,12:56:51.000,50.6079650,-2.1300921,22
2022-11-12,12:56:56.000,50.6079361,-2.1301232,23
2022-11-12,12:57:01.000,50.6079078,-2.1301485,24
2022-11-12,12:57:06.000,50.6078812,-2.1301703,25
2022-11-12,12:57:11.000,50.6078561,-2.1301919,26
2022-11-12,12:57:16.000,50.6078299,-2.1302145,27
2022-11-12,12:57:21.000,50.6077993,-2.1302379,28
2022-11-12,12:58:23.000,50.6077786,-2.1302506,30
2022-11-12,12:58:28.000,50.6077485,-2.1302713,30
2022-11-12,12:58:33.000,50.6077169,-2.1302930,31
2022-11-12,12:58:38.000,50.6076922,-2.1302999,32
2022-11-12,12:58:43.000,50.6076635,-2.1302838,32
2022-11-12,12:58:48.000,50.6076409,-2.1302593,33
2022-11-12,12:58:53.000,50.6076124,-2.1302284,34
2022-11-12,12:58:58.000,50.6075768,-2.1302045,35
2022-11-12,12:59:03.000,50.6075374,-2.1301760,36
2022-11-12,12:59:08.000,50.6074940,-2.1301431,36
2022-11-12,12:59:13.000,50.6074491,-2.1301171,37
2022-11-12,12:59:18.000,50.6074128,-2.1300939,38
2022-11-12,12:59:23.000,50.6073795,-2.1300607,39
2022-11-12,12:59:28.000,50.6073424,-2.1300244,39
2022-11-12,12:59:48.000,50.6073126,-2.1299954,40
2022-11-12,12:59:53.000,50.6072883,-2.1299593,40
2022-11-12,13:00:07.000,50.6072790,-2.1299411,41
2022-11-12,13:00:21.000,50.6072866,-2.1299277,40
2022-11-12,13:00:32.000,50.6072589,-2.1299211,40
2022-11-12,13:00:37.000,50.6072114,-2.1299296,40
2022-11-12,13:00:42.000,50.6071505,-2.1299203,40
2022-11-12,13:00:47.000,50.6070892,-2.1299027,40
2022-11-12,13:00:52.000,50.6070421,-2.1298839,40
2022-11-12,13:00:57.000,50.6070142,-2.1298631,41
2022-11-12,13:01:21.000,50.6069720,-2.1298273,41
2022-11-12,13:02:27.000,50.6069215,-2.1297936,41
2022-11-12,13:02:32.000,50.6068857,-2.1297547,41
2022-11-12,13:02:52.000,50.6068484,-2.1297160,40
2022-11-12,13:02:57.000,50.6068123,-2.1296749,40
2022-11-12,13:03:02.000,50.6067644,-2.1296380,40
2022-11-12,13:03:07.000,50.6067139,-2.1296044,40
2022-11-12,13:03:12.000,50.6066610,-2.1295729,40
2022-11-12,13:03:17.000,50.6066125,-2.1295395,40
2022-11-12,13:03:22.000,50.6065625,-2.1295068,40
2022-11-12,13:03:27.000,50.6065140,-2.1294753,39
2022-11-12,13:03:32.000,50.6064696,-2.1294391,39
2022-11-12,13:03:37.000,50.6064308,-2.1294044,38
2022-11-12,13:03:42.000,50.6063905,-2.1293681,38
2022-11-12,13:03:47.000,50.6063529,-2.1293334,37
2022-11-12,13:03:52.000,50.6063346,-2.1293182,37
2022-11-12,13:03:57.000,50.6063064,-2.1293005,37
2022-11-12,13:04:30.000,50.6062804,-2.1292757,36
2022-11-12,13:04:35.000,50.6062397,-2.1292192,36
2022-11-12,13:04:40.000,50.6061945,-2.1291660,35
2022-11-12,13:04:45.000,50.6061527,-2.1291192,35
2022-11-12,13:04:50.000,50.6061098,-2.1290706,35
2022-11-12,13:04:55.000,50.6060664,-2.1290204,35
2022-11-12,13:05:00.000,50.6060141,-2.1289756,35
2022-11-12,13:05:05.000,50.6059728,-2.1289273,34
2022-11-12,13:05:10.000,50.6059263,-2.1288739,33
2022-11-12,13:05:15.000,50.6058862,-2.1288225,33
2022-11-12,13:05:20.000,50.6058383,-2.1287694,32
2022-11-12,13:05:25.000,50.6057956,-2.1287215,32
2022-11-12,13:05:30.000,50.6057473,-2.1286581,31
2022-11-12,13:05:35.000,50.6057049,-2.1286022,30
2022-11-12,13:05:40.000,50.6056566,-2.1285462,29
2022-11-12,13:05:45.000,50.6056085,-2.1284966,29
2022-11-12,13:05:50.000,50.6055629,-2.1284476,28
2022-11-12,13:05:55.000,50.6055147,-2.1283878,27
2022-11-12,13:06:00.000,50.6054668,-2.1283449,27
2022-11-12,13:06:05.000,50.6054159,-2.1282911,27
2022-11-12,13:06:10.000,50.6053703,-2.1282321,26
2022-11-12,13:06:15.000,50.6053224,-2.1281770,25
2022-11-12,13:06:20.000,50.6052768,-2.1281300,25
2022-11-12,13:07:33.000,50.6052481,-2.1280924,24
2022-11-12,13:07:38.000,50.6052249,-2.1280470,24
2022-11-12,13:07:43.000,50.6051959,-2.1279968,24
2022-11-12,13:07:48.000,50.6051682,-2.1279675,23
2022-11-12,13:08:01.000,50.6051422,-2.1279330,23
2022-11-12,13:08:06.000,50.6051221,-2.1278893,23
2022-11-12,13:08:11.000,50.6050906,-2.1278062,23
2022-11-12,13:08:16.000,50.6050565,-2.1277269,22
2022-11-12,13:08:21.000,50.6050206,-2.1276488,22
2022-11-12,13:08:26.000,50.6049828,-2.1275779,22
2022-11-12,13:08:31.000,50.6049408,-2.1274984,22
2022-11-12,13:08:36.000,50.6049055,-2.1274171,22
2022-11-12,13:08:41.000,50.6048678,-2.1273358,22
2022-11-12,13:08:46.000,50.6048328,-2.1272696,22
2022-11-12,13:08:51.000,50.6047938,-2.1272026,22
2022-11-12,13:08:56.000,50.6047536,-2.1271236,22
2022-11-12,13:09:01.000,50.6047099,-2.1270463,22
2022-11-12,13:09:06.000,50.6046743,-2.1269787,22
2022-11-12,13:09:11.000,50.6046392,-2.1269079,22
2022-11-12,13:09:16.000,50.6046092,-2.1268346,22
2022-11-12,13:09:21.000,50.6045772,-2.1267606,22
2022-11-12,13:09:26.000,50.6045431,-2.1266861,22
2022-11-12,13:09:31.000,50.6045151,-2.1266189,23
2022-11-12,13:09:36.000,50.6044871,-2.1265536,23
2022-11-12,13:09:41.000,50.6044568,-2.1264784,23
2022-11-12,13:10:38.000,50.6044349,-2.1264121,23
2022-11-12,13:10:43.000,50.6044173,-2.1263591,24
2022-11-12,13:10:48.000,50.6044019,-2.1262720,24
2022-11-12,13:10:53.000,50.6043895,-2.1261840,24
2022-11-12,13:10:58.000,50.6043776,-2.1261029,25
2022-11-12,13:11:03.000,50.6043624,-2.1260217,25
2022-11-12,13:11:08.000,50.6043454,-2.1259384,26
2022-11-12,13:11:13.000,50.6043310,-2.1258582,27
2022-11-12,13:11:18.000,50.6043234,-2.1257839,28
2022-11-12,13:11:23.000,50.6043128,-2.1256991,29
2022-11-12,13:11:28.000,50.6043029,-2.1256144,30
2022-11-12,13:11:33.000,50.6042901,-2.1255366,31
2022-11-12,13:11:38.000,50.6042723,-2.1254627,32
2022-11-12,13:11:43.000,50.6042585,-2.1253867,33
2022-11-12,13:11:48.000,50.6042445,-2.1253198,34
2022-11-12,13:11:53.000,50.6042301,-2.1252465,34
2022-11-12,13:11:58.000,50.6042136,-2.1251687,35
2022-11-12,13:12:03.000,50.6041996,-2.1250969,36
2022-11-12,13:12:08.000,50.6041808,-2.1250310,36
2022-11-12,13:12:13.000,50.6041686,-2.1249682,37
2022-11-12,13:12:18.000,50.6041554,-2.1249032,38
2022-11-12,13:12:23.000,50.6041409,-2.1248397,39
2022-11-12,13:12:28.000,50.6041192,-2.1247890,40
2022-11-12,13:12:33.000,50.6041025,-2.1247331,41
2022-11-12,13:12:38.000,50.6040881,-2.1246780,41
2022-11-12,13:12:43.000,50.6040791,-2.1246098,42
2022-11-12,13:12:48.000,50.6040732,-2.1245421,42
2022-11-12,13:12:53.000,50.6040705,-2.1245004,43
2022-11-12,13:12:58.000,50.6040633,-2.1244441,44
2022-11-12,13:13:03.000,50.6040476,-2.1243593,44
2022-11-12,13:13:08.000,50.6040249,-2.1242731,44
2022-11-12,13:13:13.000,50.6040028,-2.1241884,44
2022-11-12,13:13:18.000,50.6039842,-2.1241004,44
2022-11-12,13:13:23.000,50.6039694,-2.1240155,44
2022-11-12,13:13:28.000,50.6039552,-2.1239390,43
2022-11-12,13:13:33.000,50.6039401,-2.1238644,42
2022-11-12,13:13:50.000,50.6039234,-2.1237915,41
2022-11-12,13:13:55.000,50.6039139,-2.1237492,41
2022-11-12,13:14:00.000,50.6039054,-2.1236913,41
2022-11-12,13:14:05.000,50.6039043,-2.1236260,40
2022-11-12,13:14:10.000,50.6039045,-2.1235496,39
2022-11-12,13:14:15.000,50.6038910,-2.1234759,39
2022-11-12,13:14:20.000,50.6038811,-2.1234024,37
2022-11-12,13:14:25.000,50.6038682,-2.1233207,36
2022-11-12,13:14:30.000,50.6038533,-2.1232476,35
2022-11-12,13:14:35.000,50.6038458,-2.1231784,34
2022-11-12,13:14:40.000,50.6038330,-2.1231041,33
2022-11-12,13:14:45.000,50.6038171,-2.1230339,32
2022-11-12,13:14:50.000,50.6037956,-2.1229704,31
2022-11-12,13:14:55.000,50.6037753,-2.1228927,29
2022-11-12,13:15:00.000,50.6037497,-2.1228241,28
2022-11-12,13:15:05.000,50.6037253,-2.1227439,27
2022-11-12,13:15:10.000,50.6037002,-2.1226685,26
2022-11-12,13:15:21.000,50.6036733,-2.1226185,25
2022-11-12,13:15:26.000,50.6036471,-2.1225677,24
2022-11-12,13:15:31.000,50.6036301,-2.1224913,23
2022-11-12,13:15:36.000,50.6036072,-2.1224309,22
2022-11-12,13:15:41.000,50.6035784,-2.1223726,21
2022-11-12,13:15:46.000,50.6035464,-2.1223252,20
2022-11-12,13:15:51.000,50.6035146,-2.1222735,20
2022-11-12,13:15:56.000,50.6034846,-2.1222151,20
2022-11-12,13:16:01.000,50.6034618,-2.1221742,21
2022-11-12,13:16:06.000,50.6034409,-2.1221455,21
2022-11-12,13:16:11.000,50.6034279,-2.1221057,22
2022-11-12,13:16:43.000,50.6034069,-2.1220307,24
2022-11-12,13:16:48.000,50.6033930,-2.1219799,25
2022-11-12,13:16:53.000,50.6033658,-2.1219270,26
2022-11-12,13:16:58.000,50.6033476,-2.1218941,26
2022-11-12,13:17:03.000,50.6033284,-2.1218701,27
2022-11-12,13:17:08.000,50.6033004,-2.1218205,27
2022-11-12,13:17:13.000,50.6032779,-2.1217558,28
2022-11-12,13:17:18.000,50.6032509,-2.1216883,29
2022-11-12,13:17:23.000,50.6032247,-2.1216197,30
2022-11-12,13:17:28.000,50.6032044,-2.1215630,30
2022-11-12,13:17:33.000,50.6031802,-2.1215059,31
2022-11-12,13:19:08.000,50.6031667,-2.1214343,32
2022-11-12,13:19:13.000,50.6031591,-2.1213691,32
2022-11-12,13:19:18.000,50.6031424,-2.1212909,33
2022-11-12,13:19:23.000,50.6031188,-2.1211981,33
2022-11-12,13:19:28.000,50.6030916,-2.1211119,33
2022-11-12,13:19:33.000,50.6030640,-2.1210331,33
2022-11-12,13:19:38.000,50.6030348,-2.1209551,33
2022-11-12,13:19:43.000,50.6030040,-2.1208800,34
2022-11-12,13:19:48.000,50.6029747,-2.1208077,34
2022-11-12,13:19:53.000,50.6029430,-2.1207290,34
2022-11-12,13:19:58.000,50.6029138,-2.1206497,35
2022-11-12,13:20:03.000,50.6028824,-2.1205698,35
2022-11-12,13:20:08.000,50.6028516,-2.1204925,36
2022-11-12,13:20:13.000,50.6028206,-2.1204197,36
2022-11-12,13:20:18.000,50.6027887,-2.1203378,37
2022-11-12,13:20:23.000,50.6027647,-2.1202529,37
2022-11-12,13:20:28.000,50.6027467,-2.1201704,37
2022-11-12,13:20:33.000,50.6027371,-2.1200873,37
2022-11-12,13:20:38.000,50.6027210,-2.1199941,37
2022-11-12,13:20:43.000,50.6027004,-2.1199176,37
2022-11-12,13:20:48.000,50.6026751,-2.1198545,37
2022-11-12,13:20:53.000,50.6026475,-2.1197759,37
2022-11-12,13:20:58.000,50.6026130,-2.1196920,37
2022-11-12,13:21:03.000,50.6025734,-2.1196220,37
2022-11-12,13:21:08.000,50.6025298,-2.1195479,36
2022-11-12,13:21:13.000,50.6024867,-2.1194781,36
2022-11-12,13:21:18.000,50.6024436,-2.1194069,36
2022-11-12,13:21:23.000,50.6023999,-2.1193443,35
2022-11-12,13:21:28.000,50.6023558,-2.1192802,34
2022-11-12,13:21:33.000,50.6023080,-2.1192164,34
2022-11-12,13:21:38.000,50.6022648,-2.1191442,34
2022-11-12,13:21:43.000,50.6022273,-2.1190592,34
2022-11-12,13:21:48.000,50.6021897,-2.1189792,33
2022-11-12,13:21:53.000,50.6021558,-2.1189029,32
2022-11-12,13:21:58.000,50.6021207,-2.1188201,32
2022-11-12,13:22:03.000,50.6020877,-2.1187253,33
2022-11-12,13:22:08.000,50.6020546,-2.1186484,32
2022-11-12,13:22:13.000,50.6020153,-2.1185904,32
2022-11-12,13:22:18.000,50.6019667,-2.1185366,32
2022-11-12,13:22:23.000,50.6019156,-2.1184819,32
2022-11-12,13:22:28.000,50.6018597,-2.1184261,31
2022-11-12,13:22:33.000,50.6018092,-2.1183753,31
2022-11-12,13:22:38.000,50.6017550,-2.1183344,31
2022-11-12,13:22:43.000,50.6017069,-2.1182811,31
2022-11-12,13:22:48.000,50.6016520,-2.1182196,30
2022-11-12,13:22:53.000,50.6016053,-2.1181589,30
2022-11-12,13:22:58.000,50.6015561,-2.1180929,29
2022-11-12,13:23:03.000,50.6015101,-2.1180394,28
2022-11-12,13:23:08.000,50.6014612,-2.1179791,27
2022-11-12,13:23:13.000,50.6014011,-2.1179160,27
2022-11-12,13:23:18.000,50.6013503,-2.1178618,26
2022-11-12,13:23:23.000,50.6012995,-2.1177883,25
2022-11-12,13:23:28.000,50.6012580,-2.1177056,24
2022-11-12,13:23:33.000,50.6012233,-2.1176348,23
2022-11-12,13:23:38.000,50.6011762,-2.1175575,23
2022-11-12,13:23:43.000,50.6011205,-2.1175311,22
2022-11-12,13:23:48.000,50.6010491,-2.1175233,22
2022-11-12,13:23:53.000,50.6009879,-2.1174972,21
2022-11-12,13:23:58.000,50.6009364,-2.1174263,21
2022-11-12,13:24:03.000,50.6008965,-2.1173357,20
2022-11-12,13:24:08.000,50.6008586,-2.1172571,19
2022-11-12,13:24:13.000,50.6008163,-2.1171770,19
2022-11-12,13:24:18.000,50.6007830,-2.1171105,19
2022-11-12,13:24:23.000,50.6007368,-2.1170344,18
2022-11-12,13:24:28.000,50.6007032,-2.1169667,18
2022-11-12,13:24:33.000,50.6006639,-2.1168983,17
2022-11-12,13:24:38.000,50.6006261,-2.1168217,17
2022-11-12,13:24:43.000,50.6005824,-2.1167469,17
2022-11-12,13:24:48.000,50.6005406,-2.1166739,16
2022-11-12,13:24:53.000,50.6005048,-2.1165908,16
2022-11-12,13:24:58.000,50.6004733,-2.1165074,15
2022-11-12,13:25:03.000,50.6004372,-2.1164222,15
2022-11-12,13:25:08.000,50.6004105,-2.1163364,15
2022-11-12,13:25:13.000,50.6003809,-2.1162546,15
2022-11-12,13:25:18.000,50.6003419,-2.1161752,15
2022-11-12,13:25:23.000,50.6002927,-2.1161237,14
2022-11-12,13:25:28.000,50.6002359,-2.1160823,14
2022-11-12,13:25:33.000,50.6001865,-2.1160366,14
2022-11-12,13:25:38.000,50.6001355,-2.1159834,14
2022-11-12,13:25:43.000,50.6000892,-2.1159219,14
2022-11-12,13:25:48.000,50.6000327,-2.1158621,14
2022-11-12,13:25:53.000,50.5999861,-2.1158110,13
2022-11-12,13:25:58.000,50.5999423,-2.1157590,13
2022-11-12,13:26:03.000,50.5998967,-2.1157189,12
2022-11-12,13:26:08.000,50.5998754,-2.1156545,12
2022-11-12,13:26:13.000,50.5998617,-2.1155808,13
2022-11-12,13:26:18.000,50.5998443,-2.1154998,13
2022-11-12,13:26:23.000,50.5998293,-2.1154256,13
2022-11-12,13:26:28.000,50.5998137,-2.1153562,13
2022-11-12,13:26:33.000,50.5997954,-2.1152722,13
2022-11-12,13:26:38.000,50.5997723,-2.1151867,13
2022-11-12,13:26:43.000,50.5997509,-2.1151019,13
2022-11-12,13:26:48.000,50.5997302,-2.1150208,13
2022-11-12,13:26:53.000,50.5997131,-2.1149325,13
2022-11-12,13:26:58.000,50.5996891,-2.1148416,13
2022-11-12,13:27:03.000,50.5996637,-2.1147604,13
2022-11-12,13:27:08.000,50.5996433,-2.1146798,13
2022-11-12,13:27:13.000,50.5996490,-2.1145962,13
2022-11-12,13:27:18.000,50.5996682,-2.1145165,13
2022-11-12,13:27:23.000,50.5996772,-2.1144321,13
2022-11-12,13:27:28.000,50.5996799,-2.1143448,14
2022-11-12,13:27:33.000,50.5997039,-2.1142702,13
2022-11-12,13:27:38.000,50.5997388,-2.1141916,13
2022-11-12,13:27:43.000,50.5997624,-2.1141094,13
2022-11-12,13:27:48.000,50.5997665,-2.1140183,14
2022-11-12,13:27:53.000,50.5997730,-2.1139449,14
2022-11-12,13:27:58.000,50.5997704,-2.1138729,14
2022-11-12,13:28:03.000,50.5997274,-2.1138310,15
2022-11-12,13:28:08.000,50.5996663,-2.1138271,15
2022-11-12,13:28:13.000,50.5996087,-2.1138372,15
2022-11-12,13:29:16.000,50.5995637,-2.1138095,16
2022-11-12,13:29:21.000,50.5995559,-2.1137261,16
2022-11-12,13:29:26.000,50.5995570,-2.1136328,17
2022-11-12,13:29:31.000,50.5995596,-2.1135441,17
2022-11-12,13:29:36.000,50.5995618,-2.1134546,17
2022-11-12,13:29:41.000,50.5995659,-2.1133672,17
2022-11-12,13:29:46.000,50.5995594,-2.1132810,18
2022-11-12,13:29:51.000,50.5995531,-2.1131944,18
2022-11-12,13:29:56.000,50.5995420,-2.1131083,18
2022-11-12,13:30:01.000,50.5995238,-2.1130278,19
2022-11-12,13:30:06.000,50.5995042,-2.1129437,19
2022-11-12,13:30:11.000,50.5994958,-2.1128532,19
2022-11-12,13:30:16.000,50.5995023,-2.1127602,19
2022-11-12,13:30:21.000,50.5995150,-2.1126743,19
2022-11-12,13:30:26.000,50.5995226,-2.1125786,19
2022-11-12,13:30:31.000,50.5995220,-2.1124833,19
2022-11-12,13:30:36.000,50.5995134,-2.1124023,19
2022-11-12,13:30:41.000,50.5995228,-2.1123363,20
2022-11-12,13:30:46.000,50.5995490,-2.1122676,20
2022-11-12,13:30:51.000,50.5995766,-2.1121932,20
2022-11-12,13:30:56.000,50.5996099,-2.1121153,20
2022-11-12,13:31:01.000,50.5996188,-2.1120315,20
2022-11-12,13:31:06.000,50.5995871,-2.1119556,19
2022-11-12,13:31:11.000,50.5995376,-2.1119186,19
2022-11-12,13:31:16.000,50.5994856,-2.1119659,20
2022-11-12,13:31:21.000,50.5994418,-2.1120308,20
2022-11-12,13:31:26.000,50.5993925,-2.1120809,20
2022-11-12,13:31:36.000,50.5993568,-2.1120934,21
2022-11-12,13:31:41.000,50.5993269,-2.1120382,21
2022-11-12,13:31:46.000,50.5992885,-2.1119677,21
2022-11-12,13:31:51.000,50.5992525,-2.1119067,21
2022-11-12,13:31:56.000,50.5992248,-2.1118320,21
2022-11-12,13:32:01.000,50.5992024,-2.1117534,21
2022-11-12,13:32:06.000,50.5991756,-2.1116715,22
2022-11-12,13:32:11.000,50.5991527,-2.1115845,21
2022-11-12,13:32:16.000,50.5991276,-2.1115026,22
2022-11-12,13:32:21.000,50.5991025,-2.1114271,22
2022-11-12,13:32:26.000,50.5990753,-2.1113487,22
2022-11-12,13:32:31.000,50.5990510,-2.1112683,22
2022-11-12,13:32:36.000,50.5990191,-2.1111812,22
2022-11-12,13:32:41.000,50.5989912,-2.1110967,22
2022-11-12,13:32:46.000,50.5989633,-2.1110149,22
2022-11-12,13:32:51.000,50.5989370,-2.1109379,22
2022-11-12,13:32:56.000,50.5989040,-2.1108499,23
2022-11-12,13:33:01.000,50.5988742,-2.1107602,23
2022-11-12,13:33:06.000,50.5988484,-2.1106769,23
2022-11-12,13:33:11.000,50.5988232,-2.1105964,23
2022-11-12,13:33:16.000,50.5988009,-2.1105159,23
2022-11-12,13:33:21.000,50.5987736,-2.1104304,23
2022-11-12,13:33:26.000,50.5987478,-2.1103526,23
2022-11-12,13:33:31.000,50.5987188,-2.1102703,23
2022-11-12,13:33:36.000,50.5986961,-2.1101948,23
2022-11-12,13:33:41.000,50.5986705,-2.1101167,23
2022-11-12,13:33:46.000,50.5986509,-2.1100234,23
2022-11-12,13:33:51.000,50.5986432,-2.1099313,24
2022-11-12,13:33:56.000,50.5986375,-2.1098437,24
2022-11-12,13:34:01.000,50.5986274,-2.1097545,24
2022-11-12,13:34:06.000,50.5986117,-2.1096645,25
2022-11-12,13:34:11.000,50.5985971,-2.1095740,25
2022-11-12,13:34:16.000,50.5985876,-2.1094863,26
2022-11-12,13:34:21.000,50.5985759,-2.1093999,26
2022-11-12,13:34:26.000,50.5985621,-2.1093111,26
2022-11-12,13:34:31.000,50.5985508,-2.1092207,26
2022-11-12,13:34:36.000,50.5985380,-2.1091333,26
2022-11-12,13:34:41.000,50.5985280,-2.1090513,27
2022-11-12,13:34:46.000,50.5985100,-2.1089656,27
2022-11-12,13:34:51.000,50.5984869,-2.1088824,27
2022-11-12,13:34:56.000,50.5984671,-2.1088023,27
2022-11-12,13:35:01.000,50.5984470,-2.1087287,28
2022-11-12,13:35:06.000,50.5984239,-2.1086541,28
2022-11-12,13:35:11.000,50.5983992,-2.1085779,28
2022-11-12,13:35:16.000,50.5983738,-2.1085056,29
2022-11-12,13:35:21.000,50.5983450,-2.1084279,29
2022-11-12,13:35:26.000,50.5983191,-2.1083550,30
2022-11-12,13:35:31.000,50.5982981,-2.1082850,31
2022-11-12,13:35:36.000,50.5982812,-2.1082160,32
2022-11-12,13:35:41.000,50.5982625,-2.1081479,32
2022-11-12,13:35:46.000,50.5982402,-2.1080767,33
2022-11-12,13:35:51.000,50.5982166,-2.1080042,34
2022-11-12,13:35:56.000,50.5981951,-2.1079358,35
2022-11-12,13:36:01.000,50.5981687,-2.1078631,35
2022-11-12,13:36:06.000,50.5981484,-2.1077752,36
2022-11-12,13:36:11.000,50.5981236,-2.1076859,36
2022-11-12,13:36:16.000,50.5981113,-2.1076440,37
2022-11-12,13:36:21.000,50.5980924,-2.1075952,37
2022-11-12,13:36:26.000,50.5980651,-2.1075152,37
2022-11-12,13:36:31.000,50.5980353,-2.1074364,38
2022-11-12,13:36:36.000,50.5980108,-2.1073628,39
2022-11-12,13:36:41.000,50.5979843,-2.1072901,39
2022-11-12,13:36:46.000,50.5979614,-2.1072207,39
2022-11-12,13:36:51.000,50.5979415,-2.1071509,40
2022-11-12,13:36:56.000,50.5979179,-2.1070640,40
2022-11-12,13:37:01.000,50.5978916,-2.1069868,40
2022-11-12,13:37:06.000,50.5978634,-2.1069065,41
2022-11-12,13:37:11.000,50.5978315,-2.1068217,42
2022-11-12,13:37:16.000,50.5978000,-2.1067367,42
2022-11-12,13:37:21.000,50.5977670,-2.1066587,43
2022-11-12,13:37:26.000,50.5977401,-2.1065710,43
2022-11-12,13:37:31.000,50.5977179,-2.1064755,43
2022-11-12,13:37:36.000,50.5976963,-2.1063895,44
2022-11-12,13:37:41.000,50.5976741,-2.1063042,44
2022-11-12,13:37:46.000,50.5976602,-2.1062180,44
2022-11-12,13:37:51.000,50.5976534,-2.1061329,44
2022-11-12,13:37:56.000,50.5976432,-2.1060597,44
2022-11-12,13:38:23.000,50.5976284,-2.1060048,45
2022-11-12,13:38:28.000,50.5976130,-2.1059391,45
2022-11-12,13:38:33.000,50.5975931,-2.1058510,45
2022-11-12,13:38:38.000,50.5975722,-2.1057620,44
2022-11-12,13:38:43.000,50.5975461,-2.1056709,44
2022-11-12,13:38:48.000,50.5975234,-2.1055819,44
2022-11-12,13:38:53.000,50.5974957,-2.1054929,45
2022-11-12,13:38:58.000,50.5974633,-2.1054001,44
2022-11-12,13:39:03.000,50.5974465,-2.1053215,44
2022-11-12,13:39:08.000,50.5974284,-2.1052431,43
2022-11-12,13:39:13.000,50.5974260,-2.1051625,43
2022-11-12,13:39:18.000,50.5974441,-2.1050751,44
2022-11-12,13:39:23.000,50.5974628,-2.1049906,43
2022-11-12,13:39:28.000,50.5974847,-2.1048982,42
2022-11-12,13:40:11.000,50.5975072,-2.1048083,42
2022-11-12,13:40:16.000,50.5975150,-2.1047671,42
2022-11-12,13:40:21.000,50.5975350,-2.1046872,42
2022-11-12,13:40:38.000,50.5975561,-2.1046131,43
2022-11-12,13:40:43.000,50.5975756,-2.1045380,43
2022-11-12,13:40:48.000,50.5975924,-2.1044622,42
2022-11-12,13:40:53.000,50.5976092,-2.1043757,41
2022-11-12,13:40:58.000,50.5976175,-2.1042694,40
2022-11-12,13:41:03.000,50.5976191,-2.1041849,39
2022-11-12,13:41:08.000,50.5976098,-2.1040964,38
2022-11-12,13:41:13.000,50.5976053,-2.1040177,37
2022-11-12,13:41:18.000,50.5976004,-2.1039331,36
2022-11-12,13:41:23.000,50.5975945,-2.1038555,36
2022-11-12,13:41:28.000,50.5975854,-2.1037713,35
2022-11-12,13:41:33.000,50.5975800,-2.1037006,35
2022-11-12,13:41:38.000,50.5975704,-2.1036269,35
2022-11-12,13:41:43.000,50.5975712,-2.1035371,34
2022-11-12,13:41:48.000,50.5975851,-2.1034458,34
2022-11-12,13:41:53.000,50.5976029,-2.1033511,34
2022-11-12,13:41:58.000,50.5976330,-2.1032687,33
2022-11-12,13:42:03.000,50.5976621,-2.1031969,33
2022-11-12,13:42:08.000,50.5976818,-2.1031202,33
2022-11-12,13:42:13.000,50.5976947,-2.1030345,33
2022-11-12,13:42:18.000,50.5977067,-2.1029594,33
2022-11-12,13:42:23.000,50.5977197,-2.1029136,33
2022-11-12,13:42:28.000,50.5977386,-2.1028420,32
2022-11-12,13:42:33.000,50.5977618,-2.1027512,32
2022-11-12,13:42:38.000,50.5977818,-2.1026645,32
2022-11-12,13:42:43.000,50.5978020,-2.1025817,32
2022-11-12,13:42:48.000,50.5978198,-2.1025006,32
2022-11-12,13:42:53.000,50.5978255,-2.1024122,32
2022-11-12,13:42:58.000,50.5978349,-2.1023291,32
2022-11-12,13:43:03.000,50.5978418,-2.1022418,33
2022-11-12,13:43:08.000,50.5978453,-2.1021487,33
2022-11-12,13:43:13.000,50.5978612,-2.1020598,33
2022-11-12,13:43:18.000,50.5978896,-2.1019761,33
2022-11-12,13:43:23.000,50.5979143,-2.1018914,33
2022-11-12,13:43:28.000,50.5979429,-2.1018101,33
2022-11-12,13:43:33.000,50.5979819,-2.1017403,33
2022-11-12,13:43:38.000,50.5980302,-2.1016829,33
2022-11-12,13:43:43.000,50.5980834,-2.1016305,32
2022-11-12,13:43:48.000,50.5981349,-2.1015757,32
2022-11-12,13:43:53.000,50.5981823,-2.1015134,32
2022-11-12,13:43:58.000,50.5982144,-2.1014370,32
2022-11-12,13:44:03.000,50.5982377,-2.1013582,32
2022-11-12,13:44:08.000,50.5982657,-2.1012831,32
2022-11-12,13:44:13.000,50.5983104,-2.1012446,32
2022-11-12,13:44:18.000,50.5983646,-2.1012202,32
2022-11-12,13:44:23.000,50.5984065,-2.1011786,32
2022-11-12,13:44:28.000,50.5984090,-2.1010966,33
2022-11-12,13:44:33.000,50.5983795,-2.1010186,33
2022-11-12,13:44:38.000,50.5983292,-2.1009606,33
2022-11-12,13:44:43.000,50.5982941,-2.1009001,33
2022-11-12,13:44:48.000,50.5982983,-2.1008254,34
2022-11-12,13:44:53.000,50.5983206,-2.1007462,34
2022-11-12,13:44:58.000,50.5983414,-2.1006656,34
2022-11-12,13:45:03.000,50.5983579,-2.1005869,35
2022-11-12,13:45:08.000,50.5983830,-2.1005205,36
2022-11-12,13:45:13.000,50.5984035,-2.1004512,37
2022-11-12,13:45:18.000,50.5984351,-2.1003922,37
2022-11-12,13:45:23.000,50.5984809,-2.1003454,37
2022-11-12,13:45:28.000,50.5985282,-2.1003079,38
2022-11-12,13:45:33.000,50.5985748,-2.1002561,39
2022-11-12,13:45:38.000,50.5986130,-2.1001968,39
2022-11-12,13:45:43.000,50.5986292,-2.1001238,40
2022-11-12,13:45:48.000,50.5986210,-2.1000448,40
2022-11-12,13:45:53.000,50.5986065,-2.0999679,40
2022-11-12,13:45:58.000,50.5985978,-2.0998876,41
2022-11-12,13:46:03.000,50.5985840,-2.0998042,41
2022-11-12,13:46:08.000,50.5985734,-2.0997182,42
2022-11-12,13:46:13.000,50.5985584,-2.0996362,43
2022-11-12,13:46:18.000,50.5985534,-2.0995531,43
2022-11-12,13:46:23.000,50.5985661,-2.0994798,44
2022-11-12,13:46:28.000,50.5985737,-2.0994003,45
2022-11-12,13:46:33.000,50.5985794,-2.0993255,46
2022-11-12,13:46:38.000,50.5985827,-2.0992451,47
2022-11-12,13:46:43.000,50.5985866,-2.0991615,48
2022-11-12,13:46:48.000,50.5985922,-2.0990825,49
2022-11-12,13:46:53.000,50.5985979,-2.0990039,50
2022-11-12,13:46:58.000,50.5985993,-2.0989208,51
2022-11-12,13:47:03.000,50.5986045,-2.0988440,52
2022-11-12,13:47:08.000,50.5986110,-2.0987625,52
2022-11-12,13:47:13.000,50.5986222,-2.0986730,53
2022-11-12,13:47:18.000,50.5986296,-2.0985888,53
2022-11-12,13:47:56.000,50.5986341,-2.0984939,53
2022-11-12,13:48:01.000,50.5986414,-2.0984217,53
2022-11-12,13:48:06.000,50.5986523,-2.0983303,53
2022-11-12,13:48:11.000,50.5986548,-2.0982443,53
2022-11-12,13:48:16.000,50.5986641,-2.0981575,53
2022-11-12,13:48:21.000,50.5986686,-2.0980839,54
2022-11-12,13:48:26.000,50.5986686,-2.0980469,53
2022-11-12,13:48:31.000,50.5986700,-2.0979713,53
2022-11-12,13:48:36.000,50.5986604,-2.0978791,52
2022-11-12,13:48:41.000,50.5986426,-2.0977909,52
2022-11-12,13:48:46.000,50.5986181,-2.0977168,51
2022-11-12,13:48:51.000,50.5985899,-2.0976305,51
2022-11-12,13:48:56.000,50.5985685,-2.0975310,50
2022-11-12,13:49:01.000,50.5985484,-2.0974525,50
2022-11-12,13:49:06.000,50.5985359,-2.0973596,49
2022-11-12,13:49:11.000,50.5985341,-2.0972772,47
2022-11-12,13:49:16.000,50.5985720,-2.0972005,47
2022-11-12,13:50:00.000,50.5986029,-2.0971287,45
2022-11-12,13:50:05.000,50.5986159,-2.0970383,45
2022-11-12,13:50:10.000,50.5986057,-2.0969517,45
2022-11-12,13:50:15.000,50.5985908,-2.0968802,45
2022-11-12,13:50:20.000,50.5985653,-2.0968072,45
2022-11-12,13:50:25.000,50.5985337,-2.0967373,45
2022-11-12,13:50:30.000,50.5985014,-2.0966672,45
2022-11-12,13:50:35.000,50.5984701,-2.0965902,45
2022-11-12,13:50:40.000,50.5984469,-2.0965191,46
2022-11-12,13:50:45.000,50.5984145,-2.0964507,46
2022-11-12,13:50:50.000,50.5983961,-2.0963903,46
2022-11-12,13:50:55.000,50.5984073,-2.0963162,46
2022-11-12,13:51:00.000,50.5984012,-2.0962195,46
2022-11-12,13:51:05.000,50.5983928,-2.0961270,46
2022-11-12,13:51:10.000,50.5983914,-2.0960308,46
2022-11-12,13:51:15.000,50.5983833,-2.0959356,46
2022-11-12,13:51:20.000,50.5983698,-2.0958480,46
2022-11-12,13:51:25.000,50.5983530,-2.0957547,46
2022-11-12,13:51:30.000,50.5983482,-2.0956591,46
2022-11-12,13:51:35.000,50.5983397,-2.0955662,46
2022-11-12,13:51:40.000,50.5983339,-2.0954774,46
2022-11-12,13:51:45.000,50.5983414,-2.0953926,45
2022-11-12,13:51:50.000,50.5983324,-2.0953065,45
2022-11-12,13:51:55.000,50.5983160,-2.0952127,45
2022-11-12,13:52:00.000,50.5983128,-2.0951210,45
2022-11-12,13:52:05.000,50.5982999,-2.0950275,45
2022-11-12,13:52:10.000,50.5982775,-2.0949360,45
2022-11-12,13:52:15.000,50.5982677,-2.0948391,45
2022-11-12,13:52:20.000,50.5982612,-2.0947472,45
2022-11-12,13:52:25.000,50.5982563,-2.0946606,44
2022-11-12,13:52:30.000,50.5982454,-2.0945613,44
2022-11-12,13:52:35.000,50.5982396,-2.0944669,44
2022-11-12,13:52:40.000,50.5982332,-2.0943712,44
2022-11-12,13:52:45.000,50.5982247,-2.0942745,44
2022-11-12,13:52:50.000,50.5982162,-2.0941887,43
2022-11-12,13:52:55.000,50.5982142,-2.0940986,43
2022-11-12,13:53:00.000,50.5982321,-2.0940139,43
2022-11-12,13:53:05.000,50.5982533,-2.0939322,43
2022-11-12,13:53:10.000,50.5982662,-2.0938494,43
2022-11-12,13:53:15.000,50.5982784,-2.0937600,43
2022-11-12,13:53:20.000,50.5982931,-2.0936723,42
2022-11-12,13:53:25.000,50.5982776,-2.0935879,42
2022-11-12,13:53:30.000,50.5982640,-2.0935159,41
2022-11-12,13:53:35.000,50.5982343,-2.0934522,40
2022-11-12,13:53:40.000,50.5981948,-2.0934014,40
2022-11-12,13:53:45.000,50.5981524,-2.0933491,40
2022-11-12,13:53:50.000,50.5981081,-2.0933062,40
2022-11-12,13:53:55.000,50.5980898,-2.0932849,40
2022-11-12,13:54:00.000,50.5980746,-2.0932633,40
2022-11-12,13:54:05.000,50.5980408,-2.0932265,41
2022-11-12,13:54:10.000,50.5980132,-2.0931524,42
2022-11-12,13:54:15.000,50.5980024,-2.0930574,42
2022-11-12,13:54:20.000,50.5979903,-2.0929681,42
2022-11-12,13:54:25.000,50.5979829,-2.0928831,43
2022-11-12,13:54:30.000,50.5979759,-2.0927948,43
2022-11-12,13:54:35.000,50.5979705,-2.0927048,44
2022-11-12,13:54:40.000,50.5979681,-2.0926163,44
2022-11-12,13:54:45.000,50.5979686,-2.0925321,44
2022-11-12,13:54:50.000,50.5979659,-2.0924421,44
2022-11-12,13:54:55.000,50.5979748,-2.0923520,45
2022-11-12,13:55:00.000,50.5979737,-2.0922676,45
2022-11-12,13:55:05.000,50.5979688,-2.0921882,45
2022-11-12,13:55:10.000,50.5979683,-2.0921140,46
2022-11-12,13:55:15.000,50.5979774,-2.0920310,47
2022-11-12,13:55:20.000,50.5979901,-2.0919564,47
2022-11-12,13:55:25.000,50.5979998,-2.0918862,47
2022-11-12,13:55:30.000,50.5980082,-2.0918211,47
2022-11-12,13:55:35.000,50.5980038,-2.0917666,47
2022-11-12,13:55:40.000,50.5979927,-2.0917053,47
2022-11-12,13:55:45.000,50.5979850,-2.0916679,47
2022-11-12,13:55:50.000,50.5979696,-2.0916246,47
2022-11-12,13:55:55.000,50.5979539,-2.0915843,47
2022-11-12,13:56:00.000,50.5979320,-2.0915375,47
2022-11-12,13:56:05.000,50.5979126,-2.0914918,47
2022-11-12,13:56:10.000,50.5979065,-2.0914669,47
2022-11-12,13:56:15.000,50.5978907,-2.0914079,47
2022-11-12,13:56:20.000,50.5978766,-2.0913366,47
2022-11-12,13:56:25.000,50.5978654,-2.0912816,47
2022-11-12,13:56:30.000,50.5978554,-2.0912252,48
2022-11-12,13:56:35.000,50.5978427,-2.0911627,48
2022-11-12,13:56:40.000,50.5978296,-2.0910939,48
2022-11-12,13:56:45.000,50.5978186,-2.0910257,49
2022-11-12,13:56:50.000,50.5978130,-2.0909600,49
2022-11-12,13:56:55.000,50.5978049,-2.0908989,50
2022-11-12,13:57:00.000,50.5977875,-2.0908331,51
2022-11-12,13:57:12.000,50.5977689,-2.0907837,51
2022-11-12,13:57:17.000,50.5977596,-2.0907292,52
2022-11-12,13:57:22.000,50.5977534,-2.0906789,52
2022-11-12,13:57:27.000,50.5977322,-2.0906307,53
2022-11-12,13:57:32.000,50.5977045,-2.0905909,53
2022-11-12,13:57:37.000,50.5976955,-2.0905287,54
2022-11-12,13:57:42.000,50.5976963,-2.0904896,55
2022-11-12,13:57:47.000,50.5976999,-2.0904313,56
2022-11-12,13:57:52.000,50.5976966,-2.0903819,57
2022-11-12,13:57:57.000,50.5976867,-2.0903384,58
2022-11-12,13:58:02.000,50.5976771,-2.0902876,59
2022-11-12,13:58:07.000,50.5976692,-2.0902367,60
2022-11-12,13:58:12.000,50.5976728,-2.0901886,61
2022-11-12,13:58:17.000,50.5976797,-2.0901504,62
2022-11-12,13:58:22.000,50.5976804,-2.0901049,63
2022-11-12,13:58:27.000,50.5976822,-2.0900648,64
2022-11-12,13:58:48.000,50.5976850,-2.0900116,67
2022-11-12,13:58:53.000,50.5976794,-2.0899661,68
2022-11-12,13:58:58.000,50.5976709,-2.0898973,69
2022-11-12,13:59:03.000,50.5976592,-2.0898427,70
2022-11-12,13:59:08.000,50.5976418,-2.0897982,70
2022-11-12,13:59:13.000,50.5976340,-2.0897598,71
2022-11-12,13:59:34.000,50.5976287,-2.0897217,72
2022-11-12,13:59:39.000,50.5976168,-2.0896767,73
2022-11-12,13:59:44.000,50.5976068,-2.0896196,74
2022-11-12,13:59:49.000,50.5975943,-2.0895658,75
2022-11-12,13:59:54.000,50.5975771,-2.0895137,76
2022-11-12,13:59:59.000,50.5975622,-2.0894689,76
2022-11-12,14:00:04.000,50.5975671,-2.0894206,77
2022-11-12,14:00:09.000,50.5975809,-2.0893696,78
2022-11-12,14:00:14.000,50.5976006,-2.0893136,79
2022-11-12,14:00:19.000,50.5976172,-2.0892471,80
2022-11-12,14:00:24.000,50.5976268,-2.0891724,79
2022-11-12,14:00:29.000,50.5976142,-2.0890925,78
2022-11-12,14:00:34.000,50.5975929,-2.0890245,78
2022-11-12,14:00:39.000,50.5975657,-2.0889614,77
2022-11-12,14:00:44.000,50.5975361,-2.0888974,76
2022-11-12,14:00:49.000,50.5975110,-2.0888347,76
2022-11-12,14:00:54.000,50.5974929,-2.0887726,75
2022-11-12,14:00:59.000,50.5974691,-2.0887067,74
2022-11-12,14:01:04.000,50.5974389,-2.0886415,73
2022-11-12,14:01:09.000,50.5974128,-2.0885803,71
2022-11-12,14:01:14.000,50.5973910,-2.0885050,70
2022-11-12,14:01:19.000,50.5973666,-2.0884440,69
2022-11-12,14:01:24.000,50.5973459,-2.0883880,67
2022-11-12,14:01:29.000,50.5973228,-2.0883327,66
2022-11-12,14:01:34.000,50.5973014,-2.0882745,65
2022-11-12,14:01:39.000,50.5972560,-2.0882188,64
2022-11-12,14:01:44.000,50.5972218,-2.0881634,63
2022-11-12,14:01:49.000,50.5971895,-2.0880836,62
2022-11-12,14:01:54.000,50.5971647,-2.0880190,62
2022-11-12,14:02:05.000,50.5971489,-2.0879730,60
2022-11-12,14:02:10.000,50.5971304,-2.0878978,59
2022-11-12,14:02:15.000,50.5970955,-2.0878372,57
2022-11-12,14:02:20.000,50.5970703,-2.0877802,56
2022-11-12,14:02:25.000,50.5970593,-2.0877142,56
2022-11-12,14:02:30.000,50.5970432,-2.0876401,54
2022-11-12,14:02:35.000,50.5970231,-2.0875596,54
2022-11-12,14:02:40.000,50.5970013,-2.0874935,52
2022-11-12,14:02:45.000,50.5969783,-2.0874244,52
2022-11-12,14:02:50.000,50.5969586,-2.0873498,51
2022-11-12,14:02:55.000,50.5969342,-2.0872772,50
2022-11-12,14:03:00.000,50.5969061,-2.0872230,49
2022-11-12,14:03:05.000,50.5968887,-2.0871497,48
2022-11-12,14:03:10.000,50.5968663,-2.0870907,47
2022-11-12,14:03:15.000,50.5968368,-2.0870352,46
2022-11-12,14:03:26.000,50.5968154,-2.0869688,45
2022-11-12,14:03:31.000,50.5967913,-2.0869002,45
2022-11-12,14:03:36.000,50.5967713,-2.0868561,44
2022-11-12,14:03:41.000,50.5967477,-2.0867930,45
2022-11-12,14:03:46.000,50.5967207,-2.0867084,44
2022-11-12,14:03:51.000,50.5966925,-2.0866250,44
2022-11-12,14:03:56.000,50.5966744,-2.0865429,43
2022-11-12,14:04:01.000,50.5966467,-2.0864716,43
2022-11-12,14:04:06.000,50.5966148,-2.0863952,42
2022-11-12,14:04:11.000,50.5965839,-2.0863045,42
2022-11-12,14:04:16.000,50.5965539,-2.0862273,41
2022-11-12,14:04:21.000,50.5965259,-2.0861465,41
2022-11-12,14:04:26.000,50.5964974,-2.0860587,41
2022-11-12,14:04:31.000,50.5964665,-2.0859822,41
2022-11-12,14:04:36.000,50.5964346,-2.0859001,41
2022-11-12,14:04:41.000,50.5964043,-2.0858187,41
2022-11-12,14:04:46.000,50.5963714,-2.0857401,41
2022-11-12,14:04:51.000,50.5963336,-2.0856681,42
2022-11-12,14:04:56.000,50.5962953,-2.0855974,42
2022-11-12,14:05:01.000,50.5962557,-2.0855222,42
2022-11-12,14:05:06.000,50.5962208,-2.0854480,42
2022-11-12,14:05:11.000,50.5961785,-2.0853716,42
2022-11-12,14:05:16.000,50.5961390,-2.0852991,42
2022-11-12,14:05:21.000,50.5960987,-2.0852321,42
2022-11-12,14:05:26.000,50.5960531,-2.0851699,41
2022-11-12,14:05:31.000,50.5960270,-2.0850853,41
2022-11-12,14:05:36.000,50.5959995,-2.0850105,40
2022-11-12,14:05:41.000,50.5959691,-2.0849356,39
2022-11-12,14:05:46.000,50.5959359,-2.0848502,38
2022-11-12,14:05:51.000,50.5959013,-2.0847699,38
2022-11-12,14:05:56.000,50.5958651,-2.0846976,38
2022-11-12,14:06:01.000,50.5958294,-2.0846323,37
2022-11-12,14:06:06.000,50.5957940,-2.0845572,37
2022-11-12,14:06:11.000,50.5957561,-2.0844815,37
2022-11-12,14:06:16.000,50.5957177,-2.0844050,36
2022-11-12,14:06:21.000,50.5956800,-2.0843318,36
2022-11-12,14:06:26.000,50.5956447,-2.0842582,35
2022-11-12,14:06:31.000,50.5956109,-2.0841803,35
2022-11-12,14:06:36.000,50.5955843,-2.0841047,34
2022-11-12,14:06:41.000,50.5955651,-2.0840118,34
2022-11-12,14:06:46.000,50.5955502,-2.0839196,34
2022-11-12,14:06:51.000,50.5955387,-2.0838314,33
2022-11-12,14:06:56.000,50.5955277,-2.0837421,33
2022-11-12,14:07:01.000,50.5955197,-2.0836468,33
2022-11-12,14:07:06.000,50.5955137,-2.0835594,32
2022-11-12,14:07:11.000,50.5955050,-2.0834537,32
2022-11-12,14:07:16.000,50.5954998,-2.0833660,31
2022-11-12,14:07:21.000,50.5954872,-2.0832769,30
2022-11-12,14:07:26.000,50.5954791,-2.0831945,30
2022-11-12,14:07:31.000,50.5954739,-2.0830852,29
2022-11-12,14:07:36.000,50.5954611,-2.0829946,29
2022-11-12,14:07:41.000,50.5954478,-2.0828950,28
2022-11-12,14:07:46.000,50.5954400,-2.0828029,28
2022-11-12,14:07:51.000,50.5954309,-2.0827152,28
2022-11-12,14:07:56.000,50.5954278,-2.0826287,28
2022-11-12,14:08:01.000,50.5954132,-2.0825316,28
2022-11-12,14:08:06.000,50.5954007,-2.0824435,27
2022-11-12,14:08:11.000,50.5953866,-2.0823545,27
2022-11-12,14:08:16.000,50.5953652,-2.0822603,27
2022-11-12,14:08:21.000,50.5953474,-2.0821775,26
2022-11-12,14:08:26.000,50.5953326,-2.0820933,26
2022-11-12,14:08:31.000,50.5953206,-2.0820168,26
2022-11-12,14:08:36.000,50.5953203,-2.0819387,25
2022-11-12,14:08:41.000,50.5953381,-2.0818616,25
2022-11-12,14:11:40.000,50.5953506,-2.0818060,25
2022-11-12,14:11:45.000,50.5953805,-2.0817455,25
2022-11-12,14:11:50.000,50.5954151,-2.0816917,26
2022-11-12,14:14:09.000,50.5954245,-2.0816652,25
2022-11-12,14:14:48.000,50.5953970,-2.0816951,25
2022-11-12,14:31:24.000,50.5953612,-2.0817042,25
2022-11-12,14:31:29.000,50.5953587,-2.0817394,25
2022-11-12,14:31:34.000,50.5953513,-2.0817926,25
2022-11-12,14:31:39.000,50.5953338,-2.0818483,25
2022-11-12,14:31:54.000,50.5953255,-2.0819224,25
2022-11-12,14:31:59.000,50.5953229,-2.0819806,25
2022-11-12,14:32:04.000,50.5953235,-2.0820436,25
2022-11-12,14:32:15.000,50.5953325,-2.0821013,26
2022-11-12,14:32:20.000,50.5953478,-2.0821653,26
2022-11-12,14:32:25.000,50.5953623,-2.0822422,26
2022-11-12,14:32:30.000,50.5953727,-2.0823214,26
2022-11-12,14:32:35.000,50.5953825,-2.0823929,26
2022-11-12,14:32:40.000,50.5953921,-2.0824675,27
2022-11-12,14:32:45.000,50.5954017,-2.0825491,27
2022-11-12,14:32:50.000,50.5954130,-2.0826269,27
2022-11-12,14:32:55.000,50.5954189,-2.0827091,26
2022-11-12,14:33:00.000,50.5954219,-2.0827922,26
2022-11-12,14:33:05.000,50.5954279,-2.0828788,27
2022-11-12,14:33:10.000,50.5954351,-2.0829634,27
2022-11-12,14:33:15.000,50.5954458,-2.0830522,28
2022-11-12,14:33:20.000,50.5954572,-2.0831425,28
2022-11-12,14:33:25.000,50.5954672,-2.0832201,29
2022-11-12,14:33:30.000,50.5954722,-2.0832970,29
2022-11-12,14:33:35.000,50.5954783,-2.0833908,30
2022-11-12,14:34:09.000,50.5954929,-2.0834529,31
2022-11-12,14:34:14.000,50.5954971,-2.0834963,31
2022-11-12,14:34:19.000,50.5955035,-2.0835505,31
2022-11-12,14:34:24.000,50.5955102,-2.0836184,32
2022-11-12,14:34:29.000,50.5955195,-2.0836887,32
2022-11-12,14:34:34.000,50.5955269,-2.0837715,32
2022-11-12,14:34:39.000,50.5955382,-2.0838566,33
2022-11-12,14:34:44.000,50.5955499,-2.0839338,33
2022-11-12,14:34:49.000,50.5955621,-2.0840116,34
2022-11-12,14:34:54.000,50.5955766,-2.0840867,35
2022-11-12,14:34:59.000,50.5956040,-2.0841548,35
2022-11-12,14:35:04.000,50.5956366,-2.0842207,36
2022-11-12,14:35:09.000,50.5956648,-2.0842887,36
2022-11-12,14:35:14.000,50.5956916,-2.0843462,37
2022-11-12,14:35:19.000,50.5957219,-2.0844040,37
2022-11-12,14:35:24.000,50.5957557,-2.0844770,38
2022-11-12,14:35:29.000,50.5957857,-2.0845430,38
2022-11-12,14:35:34.000,50.5958180,-2.0846003,38
2022-11-12,14:35:39.000,50.5958483,-2.0846658,38
2022-11-12,14:35:44.000,50.5958746,-2.0847264,39
2022-11-12,14:35:49.000,50.5959021,-2.0847806,39
2022-11-12,14:35:54.000,50.5959305,-2.0848463,39
2022-11-12,14:35:59.000,50.5959585,-2.0849112,39
2022-11-12,14:36:04.000,50.5959854,-2.0849759,40
2022-11-12,14:36:09.000,50.5960126,-2.0850475,40
2022-11-12,14:36:14.000,50.5960393,-2.0851258,40
2022-11-12,14:36:19.000,50.5960657,-2.0852030,41
2022-11-12,14:36:24.000,50.5960978,-2.0852658,41
2022-11-12,14:36:29.000,50.5961305,-2.0853303,41
2022-11-12,14:36:34.000,50.5961655,-2.0853903,41
2022-11-12,14:36:39.000,50.5962053,-2.0854408,42
2022-11-12,14:36:44.000,50.5962441,-2.0855089,42
2022-11-12,14:36:49.000,50.5962799,-2.0855767,41
2022-11-12,14:36:54.000,50.5963100,-2.0856444,41
2022-11-12,14:36:59.000,50.5963410,-2.0857162,41
2022-11-12,14:37:04.000,50.5963733,-2.0857839,41
2022-11-12,14:37:09.000,50.5964008,-2.0858558,41
2022-11-12,14:37:39.000,50.5964226,-2.0859121,41
2022-11-12,14:37:44.000,50.5964466,-2.0859722,41
2022-11-12,14:37:49.000,50.5964716,-2.0860352,41
2022-11-12,14:37:54.000,50.5964942,-2.0860961,41
2022-11-12,14:37:59.000,50.5965161,-2.0861603,41
2022-11-12,14:38:04.000,50.5965408,-2.0862021,41
2022-11-12,14:38:09.000,50.5965660,-2.0862536,42
2022-11-12,14:38:14.000,50.5965897,-2.0863187,42
2022-11-12,14:38:19.000,50.5966122,-2.0863802,42
2022-11-12,14:38:24.000,50.5966380,-2.0864441,43
2022-11-12,14:38:29.000,50.5966631,-2.0865089,43
2022-11-12,14:38:34.000,50.5966876,-2.0865689,44
2022-11-12,14:38:39.000,50.5967041,-2.0866453,44
2022-11-12,14:38:44.000,50.5967229,-2.0867179,44
2022-11-12,14:38:49.000,50.5967409,-2.0867860,45
2022-11-12,14:38:54.000,50.5967646,-2.0868555,45
2022-11-12,14:38:59.000,50.5967880,-2.0869102,45
2022-11-12,14:39:04.000,50.5968083,-2.0869653,45
2022-11-12,14:39:09.000,50.5968233,-2.0870029,46
2022-11-12,14:39:14.000,50.5968405,-2.0870524,47
2022-11-12,14:39:19.000,50.5968626,-2.0871014,47
2022-11-12,14:39:24.000,50.5968770,-2.0871343,48
2022-11-12,14:39:29.000,50.5968905,-2.0871676,49
2022-11-12,14:39:34.000,50.5969010,-2.0872287,49
2022-11-12,14:39:39.000,50.5969203,-2.0872778,50
2022-11-12,14:39:55.000,50.5969421,-2.0873214,51
2022-11-12,14:40:00.000,50.5969593,-2.0873673,52
2022-11-12,14:40:05.000,50.5969739,-2.0874124,52
2022-11-12,14:40:10.000,50.5969916,-2.0874553,53
2022-11-12,14:40:15.000,50.5970165,-2.0875117,54
2022-11-12,14:40:20.000,50.5970347,-2.0875746,54
2022-11-12,14:40:25.000,50.5970507,-2.0876381,55
2022-11-12,14:40:30.000,50.5970635,-2.0877021,56
2022-11-12,14:40:35.000,50.5970710,-2.0877723,57
2022-11-12,14:40:40.000,50.5970862,-2.0878275,58
2022-11-12,14:40:45.000,50.5971086,-2.0878695,59
2022-11-12,14:40:50.000,50.5971296,-2.0879166,60
2022-11-12,14:40:55.000,50.5971458,-2.0879721,61
2022-11-12,14:41:00.000,50.5971630,-2.0880362,62
2022-11-12,14:41:05.000,50.5971830,-2.0880970,62
2022-11-12,14:41:10.000,50.5972056,-2.0881534,63
2022-11-12,14:41:15.000,50.5972265,-2.0882067,64
2022-11-12,14:41:20.000,50.5972537,-2.0882600,64
2022-11-12,14:41:25.000,50.5972807,-2.0883109,66
2022-11-12,14:41:30.000,50.5973048,-2.0883605,67
2022-11-12,14:41:35.000,50.5973283,-2.0883957,68
2022-11-12,14:41:40.000,50.5973498,-2.0884394,69
2022-11-12,14:41:45.000,50.5973698,-2.0884856,70
2022-11-12,14:41:50.000,50.5973906,-2.0885320,71
2022-11-12,14:41:55.000,50.5974102,-2.0885796,72
2022-11-12,14:42:00.000,50.5974257,-2.0886296,73
2022-11-12,14:42:05.000,50.5974433,-2.0886801,74
2022-11-12,14:42:10.000,50.5974617,-2.0887296,75
2022-11-12,14:42:15.000,50.5974752,-2.0887693,75
2022-11-12,14:42:20.000,50.5974932,-2.0888212,76
2022-11-12,14:42:25.000,50.5975138,-2.0888793,76
2022-11-12,14:42:30.000,50.5975378,-2.0889354,77
2022-11-12,14:42:35.000,50.5975627,-2.0889885,78
2022-11-12,14:42:40.000,50.5975873,-2.0890397,79
2022-11-12,14:42:45.000,50.5976087,-2.0890933,80
2022-11-12,14:42:50.000,50.5976273,-2.0891578,80
2022-11-12,14:42:55.000,50.5976331,-2.0892327,81
2022-11-12,14:43:00.000,50.5976200,-2.0893102,81
2022-11-12,14:43:05.000,50.5976023,-2.0893656,81
2022-11-12,14:43:10.000,50.5975859,-2.0894143,81
2022-11-12,14:43:15.000,50.5975748,-2.0894632,80
2022-11-12,14:43:20.000,50.5975769,-2.0895046,79
2022-11-12,14:43:25.000,50.5975858,-2.0895610,78
2022-11-12,14:43:30.000,50.5976012,-2.0896207,78
2022-11-12,14:43:35.000,50.5976114,-2.0896813,76
2022-11-12,14:43:40.000,50.5976124,-2.0897455,75
2022-11-12,14:43:45.000,50.5976219,-2.0898195,74
2022-11-12,14:43:50.000,50.5976427,-2.0898836,73
2022-11-12,14:43:55.000,50.5976557,-2.0899511,72
2022-11-12,14:44:00.000,50.5976662,-2.0900071,70
2022-11-12,14:44:05.000,50.5976752,-2.0900607,69
2022-11-12,14:44:10.000,50.5976819,-2.0901180,68
2022-11-12,14:44:15.000,50.5976856,-2.0901716,67
2022-11-12,14:44:20.000,50.5976738,-2.0902270,65
2022-11-12,14:44:25.000,50.5976756,-2.0903004,64
2022-11-12,14:44:30.000,50.5976930,-2.0903742,63
2022-11-12,14:44:35.000,50.5977168,-2.0904184,62
2022-11-12,14:44:40.000,50.5977266,-2.0904596,61
2022-11-12,14:44:45.000,50.5977349,-2.0905193,59
2022-11-12,14:44:50.000,50.5977429,-2.0905878,58
2022-11-12,14:44:55.000,50.5977506,-2.0906479,57
2022-11-12,14:45:00.000,50.5977536,-2.0906931,56
2022-11-12,14:45:05.000,50.5977580,-2.0907478,55
2022-11-12,14:45:10.000,50.5977665,-2.0908086,55
2022-11-12,14:45:15.000,50.5977837,-2.0908665,55
2022-11-12,14:45:20.000,50.5978000,-2.0909283,54
2022-11-12,14:45:25.000,50.5978098,-2.0909897,53
2022-11-12,14:45:30.000,50.5978248,-2.0910509,53
2022-11-12,14:45:35.000,50.5978350,-2.0911116,52
2022-11-12,14:45:40.000,50.5978462,-2.0911681,52
2022-11-12,14:45:45.000,50.5978586,-2.0912282,51
2022-11-12,14:45:50.000,50.5978723,-2.0912882,51
2022-11-12,14:45:55.000,50.5978824,-2.0913572,50
2022-11-12,14:46:00.000,50.5978936,-2.0914254,50
2022-11-12,14:46:05.000,50.5979124,-2.0914802,50
2022-11-12,14:46:10.000,50.5979306,-2.0915318,50
2022-11-12,14:46:15.000,50.5979583,-2.0915810,50
2022-11-12,14:46:20.000,50.5979769,-2.0916349,50
2022-11-12,14:46:25.000,50.5979884,-2.0916825,50
2022-11-12,14:46:30.000,50.5979971,-2.0917401,50
2022-11-12,14:46:35.000,50.5980026,-2.0918022,50
2022-11-12,14:46:40.000,50.5980011,-2.0918783,50
2022-11-12,14:46:45.000,50.5979898,-2.0919580,50
2022-11-12,14:46:50.000,50.5979752,-2.0920308,50
2022-11-12,14:46:55.000,50.5979690,-2.0921023,49
2022-11-12,14:47:00.000,50.5979660,-2.0921697,49
2022-11-12,14:47:05.000,50.5979683,-2.0922535,49
2022-11-12,14:47:10.000,50.5979718,-2.0923313,48
2022-11-12,14:47:15.000,50.5979708,-2.0924053,48
2022-11-12,14:47:50.000,50.5979686,-2.0924710,48
2022-11-12,14:47:55.000,50.5979700,-2.0925346,48
2022-11-12,14:48:00.000,50.5979694,-2.0926185,48
2022-11-12,14:48:05.000,50.5979653,-2.0927065,48
2022-11-12,14:48:10.000,50.5979653,-2.0927898,47
2022-11-12,14:48:15.000,50.5979674,-2.0928648,47
2022-11-12,14:48:20.000,50.5979729,-2.0929531,47
2022-11-12,14:48:25.000,50.5979818,-2.0930369,46
2022-11-12,14:48:30.000,50.5979931,-2.0931286,46
2022-11-12,14:48:35.000,50.5980009,-2.0932082,46
2022-11-12,14:48:57.000,50.5980295,-2.0932592,44
2022-11-12,14:49:09.000,50.5980643,-2.0932881,43
2022-11-12,14:49:14.000,50.5981022,-2.0933342,42
2022-11-12,14:49:19.000,50.5981465,-2.0933803,42
2022-11-12,14:49:24.000,50.5981835,-2.0934267,42
2022-11-12,14:49:29.000,50.5982228,-2.0934689,42
2022-11-12,14:49:34.000,50.5982530,-2.0935048,43
2022-11-12,14:49:39.000,50.5982655,-2.0935591,43
2022-11-12,14:49:44.000,50.5982725,-2.0936282,44
2022-11-12,14:49:49.000,50.5982834,-2.0937021,44
2022-11-12,14:49:54.000,50.5982717,-2.0937709,45
2022-11-12,14:49:59.000,50.5982566,-2.0938489,45
2022-11-12,14:50:04.000,50.5982425,-2.0939312,46
2022-11-12,14:50:09.000,50.5982277,-2.0940166,46
2022-11-12,14:50:14.000,50.5982055,-2.0940924,46
2022-11-12,14:50:19.000,50.5982029,-2.0941755,46
2022-11-12,14:50:24.000,50.5982084,-2.0942597,47
2022-11-12,14:50:29.000,50.5982158,-2.0943507,46
2022-11-12,14:50:34.000,50.5982226,-2.0944428,46
2022-11-12,14:50:39.000,50.5982229,-2.0945312,47
2022-11-12,14:50:44.000,50.5982292,-2.0946140,47
2022-11-12,14:50:49.000,50.5982355,-2.0946990,47
2022-11-12,14:50:54.000,50.5982422,-2.0947913,47
2022-11-12,14:50:59.000,50.5982501,-2.0948779,48
2022-11-12,14:51:04.000,50.5982564,-2.0949615,48
2022-11-12,14:51:09.000,50.5982740,-2.0950420,48
2022-11-12,14:51:14.000,50.5982919,-2.0951242,48
2022-11-12,14:51:19.000,50.5983032,-2.0952110,48
2022-11-12,14:51:24.000,50.5983135,-2.0952978,48
2022-11-12,14:51:29.000,50.5983284,-2.0953779,49
2022-11-12,14:51:34.000,50.5983333,-2.0954528,49
2022-11-12,14:51:39.000,50.5983312,-2.0955298,49
2022-11-12,14:51:44.000,50.5983405,-2.0956140,49
2022-11-12,14:51:49.000,50.5983514,-2.0956966,49
2022-11-12,14:51:54.000,50.5983554,-2.0957832,49
2022-11-12,14:51:59.000,50.5983669,-2.0958676,49
2022-11-12,14:52:04.000,50.5983773,-2.0959504,50
2022-11-12,14:52:09.000,50.5983812,-2.0960423,50
2022-11-12,14:52:14.000,50.5983851,-2.0961275,50
2022-11-12,14:52:19.000,50.5983935,-2.0962092,50
2022-11-12,14:52:24.000,50.5984068,-2.0962957,50
2022-11-12,14:52:29.000,50.5984042,-2.0963838,50
2022-11-12,14:52:34.000,50.5984196,-2.0964480,49
2022-11-12,14:52:39.000,50.5984488,-2.0965133,49
2022-11-12,14:52:44.000,50.5984707,-2.0965925,49
2022-11-12,14:52:49.000,50.5985020,-2.0966758,49
2022-11-12,14:52:54.000,50.5985350,-2.0967523,49
2022-11-12,14:52:59.000,50.5985652,-2.0968369,48
2022-11-12,14:53:04.000,50.5985876,-2.0969175,48
2022-11-12,14:53:09.000,50.5986049,-2.0970112,48
2022-11-12,14:53:14.000,50.5986140,-2.0970954,48
2022-11-12,14:53:19.000,50.5985888,-2.0971657,48
2022-11-12,14:53:24.000,50.5985442,-2.0972198,48
2022-11-12,14:53:29.000,50.5985131,-2.0972881,49
2022-11-12,14:53:34.000,50.5985220,-2.0973685,49
2022-11-12,14:53:39.000,50.5985371,-2.0974462,50
2022-11-12,14:53:44.000,50.5985527,-2.0975152,51
2022-11-12,14:53:49.000,50.5985730,-2.0975798,51
2022-11-12,14:53:54.000,50.5985855,-2.0976509,52
2022-11-12,14:53:59.000,50.5986050,-2.0977243,53
2022-11-12,14:54:04.000,50.5986298,-2.0977948,53
2022-11-12,14:54:09.000,50.5986431,-2.0978706,53
2022-11-12,14:54:14.000,50.5986485,-2.0979556,54
2022-11-12,14:54:19.000,50.5986516,-2.0980397,55
2022-11-12,14:54:24.000,50.5986506,-2.0981271,56
2022-11-12,14:54:29.000,50.5986461,-2.0982081,56
2022-11-12,14:54:34.000,50.5986335,-2.0982844,56
2022-11-12,14:54:39.000,50.5986237,-2.0983753,57
2022-11-12,14:54:44.000,50.5986126,-2.0984639,58
2022-11-12,14:54:49.000,50.5986081,-2.0985642,58
2022-11-12,14:54:54.000,50.5986040,-2.0986638,59
2022-11-12,14:54:59.000,50.5985961,-2.0987538,59
2022-11-12,14:55:04.000,50.5985880,-2.0988534,58
2022-11-12,14:55:09.000,50.5985787,-2.0989515,57
2022-11-12,14:55:14.000,50.5985727,-2.0990576,56
2022-11-12,14:55:19.000,50.5985650,-2.0991554,55
2022-11-12,14:55:24.000,50.5985533,-2.0992448,54
2022-11-12,14:55:29.000,50.5985480,-2.0993298,53
2022-11-12,14:55:39.000,50.5985398,-2.0994174,51
2022-11-12,14:55:44.000,50.5985382,-2.0994918,49
2022-11-12,14:55:49.000,50.5985326,-2.0995700,48
2022-11-12,14:55:54.000,50.5985379,-2.0996420,48
2022-11-12,14:55:59.000,50.5985510,-2.0997079,47
2022-11-12,14:56:04.000,50.5985591,-2.0997878,46
2022-11-12,14:56:09.000,50.5985683,-2.0998701,45
2022-11-12,14:56:14.000,50.5985790,-2.0999552,45
2022-11-12,14:56:19.000,50.5985922,-2.1000510,45
2022-11-12,14:56:24.000,50.5986000,-2.1001308,45
2022-11-12,14:56:29.000,50.5985884,-2.1002122,44
2022-11-12,14:56:34.000,50.5985471,-2.1002713,44
2022-11-12,14:56:39.000,50.5984924,-2.1003180,44
2022-11-12,14:56:44.000,50.5984475,-2.1003578,43
2022-11-12,14:56:49.000,50.5983985,-2.1004173,43
2022-11-12,14:56:54.000,50.5983697,-2.1004852,43
2022-11-12,14:56:59.000,50.5983577,-2.1005396,42
2022-11-12,14:57:04.000,50.5983346,-2.1005892,41
2022-11-12,14:57:09.000,50.5983132,-2.1006634,40
2022-11-12,14:57:14.000,50.5982954,-2.1007486,39
2022-11-12,14:57:19.000,50.5982814,-2.1008340,39
2022-11-12,14:57:24.000,50.5982826,-2.1009285,39
2022-11-12,14:57:29.000,50.5983178,-2.1009907,39
2022-11-12,14:57:34.000,50.5983613,-2.1010430,39
2022-11-12,14:57:39.000,50.5983848,-2.1011069,38
2022-11-12,14:57:44.000,50.5983849,-2.1011824,38
2022-11-12,14:57:49.000,50.5983509,-2.1012202,37
2022-11-12,14:57:54.000,50.5982988,-2.1012400,37
2022-11-12,14:57:59.000,50.5982469,-2.1012670,37
2022-11-12,14:58:04.000,50.5982154,-2.1013389,36
2022-11-12,14:58:09.000,50.5981874,-2.1014200,36
2022-11-12,14:58:14.000,50.5981588,-2.1014888,36
2022-11-12,14:58:19.000,50.5981234,-2.1015481,37
2022-11-12,14:58:24.000,50.5980819,-2.1015987,37
2022-11-12,14:58:29.000,50.5980406,-2.1016423,37
2022-11-12,14:58:34.000,50.5979959,-2.1016938,37
2022-11-12,14:58:39.000,50.5979468,-2.1017506,37
2022-11-12,14:58:44.000,50.5979104,-2.1018123,37
2022-11-12,14:58:49.000,50.5978852,-2.1018877,37
2022-11-12,14:58:54.000,50.5978628,-2.1019670,37
2022-11-12,14:58:59.000,50.5978423,-2.1020476,38
2022-11-12,14:59:04.000,50.5978245,-2.1021336,37
2022-11-12,14:59:09.000,50.5978150,-2.1022195,37
2022-11-12,14:59:14.000,50.5978043,-2.1023027,37
2022-11-12,14:59:19.000,50.5977935,-2.1023952,37
2022-11-12,14:59:24.000,50.5977902,-2.1024858,37
2022-11-12,14:59:29.000,50.5977775,-2.1025698,37
2022-11-12,15:00:20.000,50.5977603,-2.1026189,37
2022-11-12,15:00:25.000,50.5977428,-2.1027005,37
2022-11-12,15:00:30.000,50.5977271,-2.1027907,37
2022-11-12,15:00:35.000,50.5977083,-2.1028766,37
2022-11-12,15:01:38.000,50.5977159,-2.1029370,36
2022-11-12,15:01:43.000,50.5977112,-2.1029684,36
2022-11-12,15:01:48.000,50.5976839,-2.1030556,37
2022-11-12,15:01:53.000,50.5976611,-2.1031465,37
2022-11-12,15:01:58.000,50.5976333,-2.1032261,38
2022-11-12,15:02:03.000,50.5976039,-2.1033029,38
2022-11-12,15:02:08.000,50.5975834,-2.1033938,39
2022-11-12,15:02:13.000,50.5975713,-2.1034914,39
2022-11-12,15:02:18.000,50.5975613,-2.1035820,39
2022-11-12,15:02:23.000,50.5975642,-2.1036864,39
2022-11-12,15:02:28.000,50.5975675,-2.1037760,40
2022-11-12,15:02:33.000,50.5975729,-2.1038642,40
2022-11-12,15:02:38.000,50.5975821,-2.1039495,41
2022-11-12,15:02:43.000,50.5975911,-2.1040305,42
2022-11-12,15:02:48.000,50.5975964,-2.1041108,42
2022-11-12,15:02:53.000,50.5975978,-2.1041882,43
2022-11-12,15:02:58.000,50.5976016,-2.1042688,43
2022-11-12,15:03:03.000,50.5975981,-2.1043448,44
2022-11-12,15:03:08.000,50.5975773,-2.1044237,45
2022-11-12,15:03:13.000,50.5975549,-2.1045087,45
2022-11-12,15:03:18.000,50.5975363,-2.1045916,46
2022-11-12,15:03:23.000,50.5975136,-2.1046703,48
2022-11-12,15:03:28.000,50.5974880,-2.1047579,49
2022-11-12,15:03:33.000,50.5974635,-2.1048480,49
2022-11-12,15:03:38.000,50.5974417,-2.1049371,49
2022-11-12,15:03:43.000,50.5974220,-2.1050226,49
2022-11-12,15:03:48.000,50.5974023,-2.1051041,49
2022-11-12,15:03:53.000,50.5973920,-2.1051904,50
2022-11-12,15:03:58.000,50.5974089,-2.1052813,51
2022-11-12,15:04:03.000,50.5974392,-2.1053588,50
2022-11-12,15:04:08.000,50.5974648,-2.1054350,50
2022-11-12,15:04:13.000,50.5974878,-2.1055122,50
2022-11-12,15:04:18.000,50.5975086,-2.1055918,50
2022-11-12,15:04:23.000,50.5975311,-2.1056730,50
2022-11-12,15:04:28.000,50.5975537,-2.1057591,50
2022-11-12,15:04:33.000,50.5975752,-2.1058425,50
2022-11-12,15:04:38.000,50.5975991,-2.1059241,50
2022-11-12,15:04:43.000,50.5976196,-2.1060112,50
2022-11-12,15:04:48.000,50.5976397,-2.1060978,50
2022-11-12,15:04:53.000,50.5976579,-2.1061838,49
2022-11-12,15:04:58.000,50.5976680,-2.1062717,49
2022-11-12,15:05:03.000,50.5976856,-2.1063556,49
2022-11-12,15:05:08.000,50.5977088,-2.1064422,49
2022-11-12,15:05:13.000,50.5977224,-2.1065243,49
2022-11-12,15:05:18.000,50.5977406,-2.1066041,49
2022-11-12,15:05:23.000,50.5977727,-2.1066969,48
2022-11-12,15:05:28.000,50.5977986,-2.1067711,47
2022-11-12,15:05:33.000,50.5978281,-2.1068414,47
2022-11-12,15:05:38.000,50.5978556,-2.1069173,46
2022-11-12,15:05:43.000,50.5978890,-2.1070057,46
2022-11-12,15:05:48.000,50.5979128,-2.1070864,46
2022-11-12,15:05:53.000,50.5979337,-2.1071820,45
2022-11-12,15:05:58.000,50.5979577,-2.1072681,44
2022-11-12,15:06:03.000,50.5979851,-2.1073505,44
2022-11-12,15:06:08.000,50.5980133,-2.1074305,43
2022-11-12,15:06:13.000,50.5980435,-2.1075088,43
2022-11-12,15:06:18.000,50.5980732,-2.1075853,42
2022-11-12,15:06:23.000,50.5981015,-2.1076625,42
2022-11-12,15:06:28.000,50.5981310,-2.1077603,42
2022-11-12,15:06:33.000,50.5981526,-2.1078388,42
2022-11-12,15:06:38.000,50.5981758,-2.1079288,41
2022-11-12,15:06:43.000,50.5982025,-2.1080052,40
2022-11-12,15:06:48.000,50.5982248,-2.1080860,39
2022-11-12,15:06:53.000,50.5982554,-2.1081783,38
2022-11-12,15:06:58.000,50.5982771,-2.1082659,37
2022-11-12,15:07:03.000,50.5982967,-2.1083503,36
2022-11-12,15:07:08.000,50.5983189,-2.1084234,35
2022-11-12,15:07:13.000,50.5983351,-2.1084993,34
2022-11-12,15:07:18.000,50.5983575,-2.1086036,33
2022-11-12,15:07:23.000,50.5983835,-2.1086826,33
2022-11-12,15:07:28.000,50.5984080,-2.1087758,32
2022-11-12,15:07:33.000,50.5984310,-2.1088490,32
2022-11-12,15:07:38.000,50.5984539,-2.1089096,32
2022-11-12,15:07:43.000,50.5984815,-2.1089832,32
2022-11-12,15:07:48.000,50.5985085,-2.1090692,31
2022-11-12,15:07:53.000,50.5985259,-2.1091673,31
2022-11-12,15:07:58.000,50.5985383,-2.1092564,31
2022-11-12,15:08:03.000,50.5985528,-2.1093413,31
2022-11-12,15:08:08.000,50.5985602,-2.1094377,31
2022-11-12,15:08:13.000,50.5985692,-2.1095545,31
2022-11-12,15:08:18.000,50.5985807,-2.1096449,30
2022-11-12,15:08:23.000,50.5985997,-2.1097447,30
2022-11-12,15:08:28.000,50.5986116,-2.1098327,30
2022-11-12,15:08:33.000,50.5986279,-2.1099322,29
2022-11-12,15:08:38.000,50.5986458,-2.1100243,29
2022-11-12,15:08:43.000,50.5986645,-2.1101178,29
2022-11-12,15:08:48.000,50.5986875,-2.1101972,29
2022-11-12,15:08:53.000,50.5987198,-2.1102898,29
2022-11-12,15:08:58.000,50.5987471,-2.1103792,28
2022-11-12,15:09:03.000,50.5987811,-2.1104754,28
2022-11-12,15:09:08.000,50.5988101,-2.1105600,28
2022-11-12,15:09:13.000,50.5988362,-2.1106469,28
2022-11-12,15:09:18.000,50.5988679,-2.1107366,28
2022-11-12,15:09:23.000,50.5988952,-2.1108243,28
2022-11-12,15:09:28.000,50.5989198,-2.1109136,27
2022-11-12,15:09:33.000,50.5989425,-2.1109990,27
2022-11-12,15:09:38.000,50.5989713,-2.1110898,27
2022-11-12,15:09:43.000,50.5989964,-2.1111771,27
2022-11-12,15:09:48.000,50.5990289,-2.1112691,27
2022-11-12,15:09:53.000,50.5990575,-2.1113523,26
2022-11-12,15:09:58.000,50.5990929,-2.1114458,26
2022-11-12,15:10:03.000,50.5991204,-2.1115345,26
2022-11-12,15:10:08.000,50.5991495,-2.1116186,26
2022-11-12,15:10:13.000,50.5991761,-2.1117080,26
2022-11-12,15:10:18.000,50.5992049,-2.1117995,26
2022-11-12,15:10:23.000,50.5992356,-2.1118885,26
2022-11-12,15:10:28.000,50.5992674,-2.1119638,26
2022-11-12,15:10:33.000,50.5993054,-2.1120325,26
2022-11-12,15:10:38.000,50.5993438,-2.1120909,26
2022-11-12,15:10:43.000,50.5993851,-2.1121106,26
2022-11-12,15:10:48.000,50.5994369,-2.1120590,25
2022-11-12,15:10:53.000,50.5994790,-2.1119974,25
2022-11-12,15:10:58.000,50.5995237,-2.1119474,25
2022-11-12,15:11:03.000,50.5995777,-2.1119674,25
2022-11-12,15:11:08.000,50.5996083,-2.1120394,24
2022-11-12,15:11:13.000,50.5996082,-2.1121110,24
2022-11-12,15:11:18.000,50.5995759,-2.1121904,24
2022-11-12,15:11:23.000,50.5995396,-2.1122635,24
2022-11-12,15:11:28.000,50.5995093,-2.1123458,24
2022-11-12,15:11:33.000,50.5995024,-2.1124262,24
2022-11-12,15:11:38.000,50.5995143,-2.1125051,24
2022-11-12,15:11:43.000,50.5995120,-2.1125769,24
2022-11-12,15:11:48.000,50.5995056,-2.1126856,24
2022-11-12,15:11:53.000,50.5994976,-2.1127797,24
2022-11-12,15:11:58.000,50.5994921,-2.1128807,23
2022-11-12,15:12:03.000,50.5994987,-2.1129833,23
2022-11-12,15:12:08.000,50.5995136,-2.1130839,23
2022-11-12,15:12:13.000,50.5995275,-2.1131849,22
2022-11-12,15:12:18.000,50.5995359,-2.1132722,22
2022-11-12,15:12:23.000,50.5995401,-2.1133735,22
2022-11-12,15:12:28.000,50.5995452,-2.1134692,23
2022-11-12,15:12:33.000,50.5995523,-2.1135762,23
2022-11-12,15:12:38.000,50.5995554,-2.1136781,23
2022-11-12,15:12:43.000,50.5995593,-2.1137735,23
2022-11-12,15:12:48.000,50.5995798,-2.1138634,23
2022-11-12,15:12:53.000,50.5996384,-2.1138788,22
2022-11-12,15:12:58.000,50.5997053,-2.1138664,21
2022-11-12,15:13:03.000,50.5997534,-2.1138826,20
2022-11-12,15:13:08.000,50.5997631,-2.1139418,19
2022-11-12,15:13:13.000,50.5997558,-2.1140260,19
2022-11-12,15:13:18.000,50.5997438,-2.1141215,19
2022-11-12,15:13:23.000,50.5997155,-2.1142126,19
2022-11-12,15:13:28.000,50.5996806,-2.1142944,19
2022-11-12,15:13:33.000,50.5996670,-2.1143897,19
2022-11-12,15:13:38.000,50.5996604,-2.1144968,19
2022-11-12,15:13:43.000,50.5996499,-2.1145801,19
2022-11-12,15:13:48.000,50.5996382,-2.1146601,19
2022-11-12,15:13:53.000,50.5996512,-2.1147474,19
2022-11-12,15:13:58.000,50.5996784,-2.1148338,19
2022-11-12,15:14:03.000,50.5996954,-2.1148811,19
2022-11-12,15:14:08.000,50.5997032,-2.1149132,19
2022-11-12,15:14:13.000,50.5997192,-2.1149783,19
2022-11-12,15:14:18.000,50.5997407,-2.1150643,18
2022-11-12,15:14:23.000,50.5997608,-2.1151705,18
2022-11-12,15:14:28.000,50.5997822,-2.1152628,18
2022-11-12,15:14:33.000,50.5998052,-2.1153442,18
2022-11-12,15:14:38.000,50.5998235,-2.1154200,18
2022-11-12,15:14:43.000,50.5998407,-2.1154954,18
2022-11-12,15:14:48.000,50.5998590,-2.1155785,18
2022-11-12,15:14:53.000,50.5998764,-2.1156570,18
2022-11-12,15:14:58.000,50.5999041,-2.1157348,18
2022-11-12,15:15:03.000,50.5999560,-2.1157802,19
2022-11-12,15:15:08.000,50.6000006,-2.1158321,19
2022-11-12,15:15:13.000,50.6000445,-2.1158884,19
2022-11-12,15:15:18.000,50.6000941,-2.1159333,19
2022-11-12,15:15:23.000,50.6001420,-2.1159880,20
2022-11-12,15:15:28.000,50.6001890,-2.1160463,20
2022-11-12,15:15:33.000,50.6002375,-2.1160881,20
2022-11-12,15:15:38.000,50.6002877,-2.1161345,20
2022-11-12,15:15:43.000,50.6003355,-2.1161895,20
2022-11-12,15:15:48.000,50.6003755,-2.1162638,20
2022-11-12,15:15:53.000,50.6004082,-2.1163420,20
2022-11-12,15:15:58.000,50.6004382,-2.1164290,20
2022-11-12,15:16:03.000,50.6004676,-2.1165199,20
2022-11-12,15:16:08.000,50.6005003,-2.1166026,21
2022-11-12,15:16:13.000,50.6005316,-2.1166821,21
2022-11-12,15:16:18.000,50.6005691,-2.1167563,21
2022-11-12,15:16:23.000,50.6006098,-2.1168284,22
2022-11-12,15:16:28.000,50.6006507,-2.1168947,22
2022-11-12,15:16:33.000,50.6006942,-2.1169651,22
2022-11-12,15:16:38.000,50.6007420,-2.1170377,23
2022-11-12,15:16:43.000,50.6007838,-2.1171014,23
2022-11-12,15:16:48.000,50.6008195,-2.1171667,23
2022-11-12,15:16:53.000,50.6008563,-2.1172303,24
2022-11-12,15:16:58.000,50.6008925,-2.1173010,24
2022-11-12,15:17:03.000,50.6009305,-2.1173681,25
2022-11-12,15:17:08.000,50.6009674,-2.1174339,26
2022-11-12,15:17:13.000,50.6010137,-2.1174798,27
2022-11-12,15:17:18.000,50.6010679,-2.1175037,27
2022-11-12,15:17:23.000,50.6011216,-2.1175373,28
2022-11-12,15:17:28.000,50.6011691,-2.1175752,28
2022-11-12,15:17:33.000,50.6012097,-2.1176307,29
2022-11-12,15:17:38.000,50.6012448,-2.1176882,30
2022-11-12,15:17:43.000,50.6012771,-2.1177506,30
2022-11-12,15:18:25.000,50.6013103,-2.1178224,31
2022-11-12,15:18:30.000,50.6013394,-2.1178805,32
2022-11-12,15:18:35.000,50.6013890,-2.1179402,32
2022-11-12,15:18:40.000,50.6014351,-2.1179847,32
2022-11-12,15:18:45.000,50.6014733,-2.1180230,33
2022-11-12,15:18:50.000,50.6015162,-2.1180700,34
2022-11-12,15:18:55.000,50.6015577,-2.1181203,34
2022-11-12,15:19:00.000,50.6015998,-2.1181826,34
2022-11-12,15:19:05.000,50.6016473,-2.1182432,35
2022-11-12,15:19:10.000,50.6016929,-2.1182966,35
2022-11-12,15:19:15.000,50.6017300,-2.1183351,35
2022-11-12,15:19:20.000,50.6017782,-2.1183734,36
2022-11-12,15:19:25.000,50.6018268,-2.1184113,36
2022-11-12,15:19:30.000,50.6018692,-2.1184564,36
2022-11-12,15:19:35.000,50.6019124,-2.1185058,37
2022-11-12,15:19:40.000,50.6019556,-2.1185551,37
2022-11-12,15:19:45.000,50.6020034,-2.1186029,37
2022-11-12,15:19:50.000,50.6020483,-2.1186464,37
2022-11-12,15:19:55.000,50.6020809,-2.1187123,37
2022-11-12,15:20:00.000,50.6021069,-2.1187984,37
2022-11-12,15:20:05.000,50.6021349,-2.1188888,37
2022-11-12,15:20:10.000,50.6021681,-2.1189761,37
2022-11-12,15:20:15.000,50.6022006,-2.1190472,37
2022-11-12,15:20:20.000,50.6022342,-2.1191127,37
2022-11-12,15:20:25.000,50.6022473,-2.1191334,38
2022-11-12,15:20:37.000,50.6022287,-2.1190934,38
2022-11-12,15:20:42.000,50.6022352,-2.1191278,38
2022-11-12,15:20:47.000,50.6022729,-2.1192004,38
2022-11-12,15:20:52.000,50.6023176,-2.1192598,39
2022-11-12,15:20:57.000,50.6023628,-2.1193187,39
2022-11-12,15:21:02.000,50.6024075,-2.1193822,39
2022-11-12,15:21:07.000,50.6024489,-2.1194392,40
2022-11-12,15:21:12.000,50.6024867,-2.1194950,40
2022-11-12,15:21:17.000,50.6025227,-2.1195569,41
2022-11-12,15:21:22.000,50.6025608,-2.1196244,41
2022-11-12,15:21:27.000,50.6025988,-2.1196979,41
2022-11-12,15:21:32.000,50.6026327,-2.1197706,42
2022-11-12,15:21:37.000,50.6026589,-2.1198486,42
2022-11-12,15:21:42.000,50.6026871,-2.1199188,42
2022-11-12,15:21:47.000,50.6027090,-2.1199874,42
2022-11-12,15:21:52.000,50.6027221,-2.1200723,42
2022-11-12,15:21:57.000,50.6027350,-2.1201557,42
2022-11-12,15:22:02.000,50.6027491,-2.1202328,42
2022-11-12,15:22:07.000,50.6027763,-2.1203077,41
2022-11-12,15:22:12.000,50.6028018,-2.1203827,41
2022-11-12,15:22:17.000,50.6028291,-2.1204609,40
2022-11-12,15:22:22.000,50.6028574,-2.1205458,40
2022-11-12,15:22:27.000,50.6028823,-2.1206223,40
2022-11-12,15:22:32.000,50.6029093,-2.1206959,39
2022-11-12,15:22:37.000,50.6029329,-2.1207656,39
2022-11-12,15:22:42.000,50.6029585,-2.1208453,38
2022-11-12,15:22:47.000,50.6029905,-2.1209241,38
2022-11-12,15:22:52.000,50.6030246,-2.1209915,38
2022-11-12,15:22:57.000,50.6030494,-2.1210602,37
2022-11-12,15:23:02.000,50.6030799,-2.1211460,37
2022-11-12,15:23:07.000,50.6031118,-2.1212287,38
2022-11-12,15:23:12.000,50.6031361,-2.1213060,37
2022-11-12,15:23:17.000,50.6031492,-2.1213915,37
2022-11-12,15:23:22.000,50.6031635,-2.1214741,36
2022-11-12,15:23:27.000,50.6031885,-2.1215500,35
2022-11-12,15:23:32.000,50.6032157,-2.1216200,34
2022-11-12,15:23:37.000,50.6032395,-2.1216925,33
2022-11-12,15:23:42.000,50.6032670,-2.1217647,33
2022-11-12,15:23:47.000,50.6032930,-2.1218346,32
2022-11-12,15:24:29.000,50.6033204,-2.1218970,30
2022-11-12,15:24:34.000,50.6033440,-2.1219503,30
2022-11-12,15:25:25.000,50.6033774,-2.1220231,28
2022-11-12,15:25:30.000,50.6034076,-2.1220752,28
2022-11-12,15:25:35.000,50.6034270,-2.1221298,26
2022-11-12,15:25:40.000,50.6034450,-2.1221769,25
2022-11-12,15:25:45.000,50.6034737,-2.1221887,25
2022-11-12,15:25:50.000,50.6035007,-2.1222381,24
2022-11-12,15:26:08.000,50.6035429,-2.1223246,25
2022-11-12,15:26:13.000,50.6035732,-2.1223667,25
2022-11-12,15:26:18.000,50.6036034,-2.1224080,26
2022-11-12,15:26:23.000,50.6036233,-2.1224571,27
2022-11-12,15:26:28.000,50.6036414,-2.1225138,27
2022-11-12,15:26:33.000,50.6036511,-2.1225715,28
2022-11-12,15:26:38.000,50.6036704,-2.1226232,29
2022-11-12,15:26:43.000,50.6036962,-2.1226820,30
2022-11-12,15:26:48.000,50.6037173,-2.1227467,30
2022-11-12,15:26:53.000,50.6037322,-2.1228135,31
2022-11-12,15:26:58.000,50.6037527,-2.1228649,32
2022-11-12,15:27:03.000,50.6037755,-2.1229180,33
2022-11-12,15:27:08.000,50.6037874,-2.1229765,34
2022-11-12,15:27:13.000,50.6038000,-2.1230232,35
2022-11-12,15:27:18.000,50.6038164,-2.1230717,35
2022-11-12,15:27:23.000,50.6038248,-2.1231384,36
2022-11-12,15:27:28.000,50.6038369,-2.1232019,37
2022-11-12,15:27:33.000,50.6038463,-2.1232525,38
2022-11-12,15:27:38.000,50.6038591,-2.1233222,39
2022-11-12,15:27:43.000,50.6038713,-2.1233904,40
2022-11-12,15:27:48.000,50.6038761,-2.1234601,41
2022-11-12,15:27:53.000,50.6038830,-2.1235219,41
2022-11-12,15:27:58.000,50.6038910,-2.1235870,42
2022-11-12,15:28:03.000,50.6038921,-2.1236652,43
2022-11-12,15:28:08.000,50.6039049,-2.1237357,44
2022-11-12,15:28:13.000,50.6039189,-2.1238055,45
2022-11-12,15:28:18.000,50.6039344,-2.1238711,45
2022-11-12,15:28:23.000,50.6039540,-2.1239411,46
2022-11-12,15:28:28.000,50.6039697,-2.1240190,47
2022-11-12,15:28:33.000,50.6039775,-2.1241099,47
2022-11-12,15:28:38.000,50.6039924,-2.1241995,47
2022-11-12,15:28:43.000,50.6040100,-2.1242867,47
2022-11-12,15:28:48.000,50.6040291,-2.1243726,47
2022-11-12,15:28:53.000,50.6040452,-2.1244474,47
2022-11-12,15:29:16.000,50.6040552,-2.1245120,47
2022-11-12,15:29:21.000,50.6040683,-2.1245649,47
2022-11-12,15:29:31.000,50.6040746,-2.1246209,46
2022-11-12,15:29:36.000,50.6040855,-2.1246913,45
2022-11-12,15:29:41.000,50.6041149,-2.1247795,44
2022-11-12,15:29:46.000,50.6041474,-2.1248616,43
2022-11-12,15:29:51.000,50.6041669,-2.1249623,42
2022-11-12,15:29:56.000,50.6041807,-2.1250653,41
2022-11-12,15:30:01.000,50.6042017,-2.1251580,40
2022-11-12,15:30:06.000,50.6042211,-2.1252560,39
2022-11-12,15:30:11.000,50.6042278,-2.1253513,39
2022-11-12,15:30:16.000,50.6042394,-2.1254327,38
2022-11-12,15:30:21.000,50.6042518,-2.1254865,37
2022-11-12,15:30:26.000,50.6042628,-2.1255297,37
2022-11-12,15:30:46.000,50.6042793,-2.1256267,35
2022-11-12,15:30:51.000,50.6042914,-2.1256973,34
2022-11-12,15:30:56.000,50.6043056,-2.1257747,33
2022-11-12,15:31:01.000,50.6043174,-2.1258514,32
2022-11-12,15:31:06.000,50.6043324,-2.1259400,31
2022-11-12,15:31:11.000,50.6043494,-2.1260507,30
2022-11-12,15:31:16.000,50.6043696,-2.1261553,29
2022-11-12,15:31:21.000,50.6043838,-2.1262381,29
2022-11-12,15:31:26.000,50.6043972,-2.1263168,28
2022-11-12,15:31:31.000,50.6044250,-2.1264138,28
2022-11-12,15:31:36.000,50.6044606,-2.1265055,27
2022-11-12,15:31:41.000,50.6044901,-2.1265895,26
2022-11-12,15:31:46.000,50.6045227,-2.1266789,26
2022-11-12,15:31:51.000,50.6045667,-2.1267805,26
2022-11-12,15:31:56.000,50.6046008,-2.1268631,25
2022-11-12,15:32:01.000,50.6046375,-2.1269489,25
2022-11-12,15:32:06.000,50.6046792,-2.1270401,25
2022-11-12,15:32:11.000,50.6047168,-2.1271134,25
2022-11-12,15:32:16.000,50.6047634,-2.1271986,24
2022-11-12,15:32:21.000,50.6048053,-2.1272839,24
2022-11-12,15:32:26.000,50.6048464,-2.1273527,24
2022-11-12,15:32:31.000,50.6048908,-2.1274265,25
2022-11-12,15:32:36.000,50.6049339,-2.1274976,25
2022-11-12,15:32:41.000,50.6049723,-2.1275673,25
2022-11-12,15:32:46.000,50.6050176,-2.1276390,25
2022-11-12,15:32:51.000,50.6050554,-2.1277148,26
2022-11-12,15:32:56.000,50.6050915,-2.1277954,26
2022-11-12,15:33:01.000,50.6051232,-2.1278756,27
2022-11-12,15:33:06.000,50.6051580,-2.1279496,27
2022-11-12,15:33:11.000,50.6052056,-2.1280087,27
2022-11-12,15:33:16.000,50.6052463,-2.1280811,28
2022-11-12,15:33:21.000,50.6052840,-2.1281439,28
2022-11-12,15:33:26.000,50.6053264,-2.1281850,29
2022-11-12,15:33:31.000,50.6053726,-2.1282257,29
2022-11-12,15:33:36.000,50.6054145,-2.1282837,29
2022-11-12,15:33:41.000,50.6054575,-2.1283349,30
2022-11-12,15:33:46.000,50.6055042,-2.1283793,31
2022-11-12,15:33:51.000,50.6055454,-2.1284265,31
2022-11-12,15:33:56.000,50.6055889,-2.1284829,31
2022-11-12,15:34:01.000,50.6056384,-2.1285378,32
2022-11-12,15:34:06.000,50.6056899,-2.1285854,33
2022-11-12,15:34:11.000,50.6057365,-2.1286402,34
2022-11-12,15:34:16.000,50.6057794,-2.1287100,34
2022-11-12,15:34:21.000,50.6058304,-2.1287670,35
2022-11-12,15:34:26.000,50.6058727,-2.1288198,35
2022-11-12,15:34:31.000,50.6059167,-2.1288767,36
2022-11-12,15:34:36.000,50.6059626,-2.1289282,37
2022-11-12,15:34:41.000,50.6060050,-2.1289765,37
2022-11-12,15:34:46.000,50.6060488,-2.1290272,37
2022-11-12,15:34:51.000,50.6060912,-2.1290720,38
2022-11-12,15:34:56.000,50.6061357,-2.1291218,39
2022-11-12,15:35:01.000,50.6061827,-2.1291705,39
2022-11-12,15:35:06.000,50.6062308,-2.1292187,40
2022-11-12,15:35:11.000,50.6062749,-2.1292693,41
2022-11-12,15:35:16.000,50.6063234,-2.1293138,41
2022-11-12,15:35:21.000,50.6063728,-2.1293603,41
2022-11-12,15:35:26.000,50.6064202,-2.1294101,41
2022-11-12,15:35:31.000,50.6064627,-2.1294590,42
2022-11-12,15:35:36.000,50.6065073,-2.1295003,43
2022-11-12,15:35:41.000,50.6065602,-2.1295375,43
2022-11-12,15:35:46.000,50.6066104,-2.1295726,44
2022-11-12,15:35:51.000,50.6066617,-2.1296029,44
2022-11-12,15:35:56.000,50.6067144,-2.1296406,44
2022-11-12,15:36:01.000,50.6067633,-2.1296812,44
2022-11-12,15:36:06.000,50.6068148,-2.1297209,44
2022-11-12,15:36:11.000,50.6068661,-2.1297628,44
2022-11-12,15:36:16.000,50.6069116,-2.1298103,45
2022-11-12,15:36:21.000,50.6069517,-2.1298554,45
2022-11-12,15:36:26.000,50.6069760,-2.1298695,45
2022-11-12,15:36:31.000,50.6070155,-2.1298900,45
2022-11-12,15:36:36.000,50.6070674,-2.1299239,45
2022-11-12,15:36:41.000,50.6071191,-2.1299416,44
2022-11-12,15:36:46.000,50.6071733,-2.1299556,44
2022-11-12,15:36:51.000,50.6072281,-2.1299483,44
2022-11-12,15:36:56.000,50.6072788,-2.1299681,44
2022-11-12,15:37:01.000,50.6073221,-2.1300184,44
2022-11-12,15:37:13.000,50.6073533,-2.1300478,43
2022-11-12,15:37:18.000,50.6073918,-2.1300753,42
2022-11-12,15:37:23.000,50.6074402,-2.1301111,41
2022-11-12,15:37:28.000,50.6074902,-2.1301377,41
2022-11-12,15:37:33.000,50.6075414,-2.1301679,40
2022-11-12,15:37:38.000,50.6075835,-2.1302013,39
2022-11-12,15:37:43.000,50.6076203,-2.1302312,38
2022-11-12,15:37:48.000,50.6076575,-2.1302637,37
2022-11-12,15:37:53.000,50.6076856,-2.1302941,36
2022-11-12,15:37:58.000,50.6077113,-2.1303116,35
2022-11-12,15:38:03.000,50.6077442,-2.1302983,34
2022-11-12,15:38:08.000,50.6077848,-2.1302695,33
2022-11-12,15:38:13.000,50.6078157,-2.1302460,32
2022-11-12,15:38:18.000,50.6078423,-2.1302243,31
2022-11-12,15:38:23.000,50.6078746,-2.1301950,30
2022-11-12,15:38:28.000,50.6079030,-2.1301704,29
2022-11-12,15:38:33.000,50.6079387,-2.1301424,28
2022-11-12,15:38:38.000,50.6079708,-2.1301212,27
2022-11-12,15:38:43.000,50.6080013,-2.1301010,26
2022-11-12,15:38:48.000,50.6080314,-2.1300797,25
2022-11-12,15:38:53.000,50.6080604,-2.1300608,23
2022-11-12,15:38:58.000,50.6080958,-2.1300398,22
2022-11-12,15:39:03.000,50.6081275,-2.1300208,21
2022-11-12,15:39:46.000,50.6081524,-2.1299996,20
2022-11-12,15:39:51.000,50.6081762,-2.1299812,19
2022-11-12,15:39:56.000,50.6082022,-2.1299551,18
2022-11-12,15:40:01.000,50.6082280,-2.1299264,18
2022-11-12,15:40:06.000,50.6082589,-2.1298911,17
2022-11-12,15:40:11.000,50.6082877,-2.1298588,16
2022-11-12,15:40:16.000,50.6083252,-2.1298352,15
2022-11-12,15:40:21.000,50.6083517,-2.1298118,15
2022-11-12,15:40:26.000,50.6083726,-2.1297858,14
2022-11-12,15:40:36.000,50.6084080,-2.1297450,12
2022-11-12,15:40:41.000,50.6084391,-2.1297154,11
2022-11-12,15:40:46.000,50.6084701,-2.1296989,10
2022-11-12,15:41:17.000,50.6085524,-2.1296446,3
2022-11-12,15:41:38.000,50.6086280,-2.1295731,1
2022-11-12,15:41:43.000,50.6086536,-2.1295062,1
2022-11-12,15:41:48.000,50.6086576,-2.1294142,1
2022-11-12,15:41:53.000,50.6086437,-2.1293310,1
2022-11-12,15:41:58.000,50.6086285,-2.1292543,2
2022-11-12,15:42:03.000,50.6086098,-2.1291813,2
2022-11-12,15:42:08.000,50.6085949,-2.1291029,3
2022-11-12,15:42:13.000,50.6085807,-2.1290171,3
2022-11-12,15:42:18.000,50.6085656,-2.1289398,4
2022-11-12,15:42:23.000,50.6085500,-2.1288661,5
2022-11-12,15:42:28.000,50.6085442,-2.1287840,6
2022-11-12,15:42:33.000,50.6085337,-2.1287042,6
2022-11-12,15:42:38.000,50.6085391,-2.1286191,7
2022-11-12,15:42:43.000,50.6085617,-2.1285365,7
2022-11-12,15:42:48.000,50.6085783,-2.1284659,8
2022-11-12,15:42:53.000,50.6085910,-2.1283867,9
2022-11-12,15:42:58.000,50.6086117,-2.1283106,9
2022-11-12,15:43:03.000,50.6086493,-2.1282606,9
2022-11-12,15:43:08.000,50.6086944,-2.1282445,10
2022-11-12,15:43:13.000,50.6087371,-2.1282725,10
2022-11-12,15:43:18.000,50.6087853,-2.1283253,10
2022-11-12,15:43:23.000,50.6088402,-2.1283622,11
2022-11-12,15:43:28.000,50.6088955,-2.1284026,11
2022-11-12,15:43:33.000,50.6089512,-2.1284363,11
2022-11-12,15:43:38.000,50.6090039,-2.1284615,11
2022-11-12,15:43:43.000,50.6090578,-2.1284881,11
2022-11-12,15:43:48.000,50.6091137,-2.1285207,12
2022-11-12,15:43:53.000,50.6091719,-2.1285446,12
2022-11-12,15:43:58.000,50.6092284,-2.1285738,12
2022-11-12,15:44:03.000,50.6092882,-2.1286007,12
2022-11-12,15:44:08.000,50.6093439,-2.1286205,12
2022-11-12,15:44:13.000,50.6093981,-2.1286321,12
2022-11-12,15:44:18.000,50.6094525,-2.1286435,12
2022-11-12,15:44:23.000,50.6095077,-2.1286516,12
2022-11-12,15:44:28.000,50.6095629,-2.1286625,13
2022-11-12,15:44:42.000,50.6096051,-2.1286776,12
2022-11-12,15:44:47.000,50.6096593,-2.1286863,12
2022-11-12,15:44:52.000,50.6097264,-2.1286944,12
2022-11-12,15:44:57.000,50.6097806,-2.1287100,12
2022-11-12,15:45:02.000,50.6098234,-2.1287460,12
2022-11-12,15:45:07.000,50.6098656,-2.1287867,12
2022-11-12,15:45:45.000,50.6099212,-2.1288222,11
2022-11-12,15:45:50.000,50.6099658,-2.1288477,11
2022-11-12,15:45:55.000,50.6100109,-2.1288874,11
2022-11-12,15:46:00.000,50.6100584,-2.1289261,11
2022-11-12,15:46:05.000,50.6101102,-2.1289623,11
2022-11-12,15:46:10.000,50.6101572,-2.1289998,10
2022-11-12,15:46:15.000,50.6102064,-2.1290499,10
2022-11-12,15:46:20.000,50.6102555,-2.1291094,10
2022-11-12,15:46:25.000,50.6103006,-2.1291540,9
2022-11-12,15:46:30.000,50.6103398,-2.1292009,9
2022-11-12,15:46:35.000,50.6103871,-2.1292498,9
2022-11-12,15:46:40.000,50.6104327,-2.1292961,9
2022-11-12,15:46:45.000,50.6104814,-2.1293490,9
2022-11-12,15:46:50.000,50.6105304,-2.1294019,9
2022-11-12,15:46:55.000,50.6105841,-2.1294536,8
2022-11-12,15:47:00.000,50.6106296,-2.1294958,8
2022-11-12,15:47:05.000,50.6106743,-2.1295453,8
2022-11-12,15:47:10.000,50.6107273,-2.1296079,8
2022-11-12,15:47:15.000,50.6107743,-2.1296593,8
2022-11-12,15:47:20.000,50.6108182,-2.1297082,8
2022-11-12,15:47:25.000,50.6108624,-2.1297639,8
2022-11-12,15:47:30.000,50.6109116,-2.1298068,8
2022-11-12,15:47:35.000,50.6109517,-2.1298369,7
2022-11-12,15:47:40.000,50.6109893,-2.1298846,7
2022-11-12,15:47:45.000,50.6110288,-2.1299003,7
2022-11-12,15:47:50.000,50.6110613,-2.1298441,7
2022-11-12,15:47:55.000,50.6111142,-2.1298192,7
2022-11-12,15:48:00.000,50.6111703,-2.1298179,8
2022-11-12,15:48:05.000,50.6112321,-2.1297968,8
2022-11-12,15:48:10.000,50.6112827,-2.1297545,8
2022-11-12,15:48:15.000,50.6113246,-2.1297054,8
