date,time,lat,lon,ele,sog,cog
2017-09-14,14:46:21.600,50.1042929,-5.3903668,3.35,1.55,257.86
2017-09-14,14:46:26.600,50.1042792,-5.3904548,3.04,1.21,175.20
2017-09-14,14:46:31.600,50.1042217,-5.3904990,3.04,1.37,194.60
2017-09-14,14:46:36.600,50.1041672,-5.3905239,2.13,0.69,212.84
2017-09-14,14:46:41.600,50.1041121,-5.3905633,1.52,0.97,193.12
2017-09-14,14:46:46.600,50.1040509,-5.3905964,1.82,1.37,195.87
2017-09-14,14:46:51.600,50.1039958,-5.3906161,2.13,1.16,204.59
2017-09-14,14:46:56.600,50.1039348,-5.3906376,2.43,0.72,186.10
2017-09-14,14:47:01.600,50.1038878,-5.3906514,2.13,1.05,183.06
2017-09-14,14:47:09.200,50.1038554,-5.3906566,1.82,0.60,160.59
2017-09-14,14:47:14.200,50.1038246,-5.3906596,1.52,0.70,214.18
2017-09-14,14:47:19.200,50.1038201,-5.3907142,0.30,0.97,266.36
2017-09-14,14:47:24.200,50.1037911,-5.3907283,-0.60,1.53,211.10
2017-09-14,14:47:29.200,50.1037410,-5.3907446,-1.82,0.97,187.70
2017-09-14,14:47:34.200,50.1036967,-5.3907577,-2.74,1.18,187.03
2017-09-14,14:47:39.800,50.1036682,-5.3907706,-3.65,0.43,151.58
2017-09-14,14:48:45.000,50.1036831,-5.3908658,-4.26,1.39,293.20
2017-09-14,14:48:50.000,50.1036938,-5.3909578,-4.57,1.23,279.02
2017-09-14,14:48:55.000,50.1037067,-5.3910353,-4.26,0.52,288.32
2017-09-14,14:49:01.400,50.1037019,-5.3910879,-5.79,0.78,223.81
2017-09-14,14:49:06.400,50.1036660,-5.3910817,-6.70,0.94,199.07
2017-09-14,14:49:11.400,50.1036338,-5.3911273,-7.31,0.95,214.79
2017-09-14,14:49:16.400,50.1036089,-5.3911934,-7.92,1.09,228.54
2017-09-14,14:49:21.400,50.1035998,-5.3912552,-7.92,1.16,282.62
2017-09-14,14:49:26.400,50.1035968,-5.3913351,-7.62,1.02,258.83
2017-09-14,14:49:31.400,50.1036044,-5.3914197,-8.22,1.03,266.82
2017-09-14,14:49:36.400,50.1036072,-5.3915025,-8.53,1.14,266.20
2017-09-14,14:49:41.400,50.1036193,-5.3915808,-8.22,1.30,287.48
2017-09-14,14:49:46.400,50.1036317,-5.3916620,-8.53,1.00,295.54
2017-09-14,14:49:51.400,50.1036409,-5.3917409,-8.53,0.96,281.73
2017-09-14,14:49:56.400,50.1036442,-5.3917706,-8.83,0.37,104.90
2017-09-14,14:50:32.600,50.1036556,-5.3918342,-9.14,1.03,268.25
2017-09-14,14:50:37.600,50.1036642,-5.3919014,-9.14,0.82,279.73
2017-09-14,14:50:42.600,50.1036832,-5.3919717,-8.83,0.98,292.77
2017-09-14,14:50:47.600,50.1037081,-5.3920295,-8.53,0.92,289.12
2017-09-14,14:50:52.600,50.1037367,-5.3920863,-8.22,0.81,304.02
2017-09-14,14:50:57.600,50.1037688,-5.3921191,-7.62,0.74,345.69
2017-09-14,14:51:02.600,50.1038035,-5.3921052,-7.01,0.53,57.58
2017-09-14,14:51:07.600,50.1038395,-5.3920961,-6.70,1.03,13.32
2017-09-14,14:51:12.600,50.1038955,-5.3920687,-6.40,1.14,26.11
2017-09-14,14:51:17.600,50.1039418,-5.3920503,-5.79,1.10,9.24
2017-09-14,14:51:22.600,50.1039835,-5.3920471,-4.87,0.75,3.80
2017-09-14,14:51:27.600,50.1040019,-5.3920707,-4.57,0.87,264.88
2017-09-14,14:51:32.600,50.1040112,-5.3921058,-3.96,0.55,300.52
2017-09-14,14:51:37.600,50.1040392,-5.3921432,-3.04,1.12,327.23
2017-09-14,14:51:42.600,50.1040774,-5.3922045,-2.43,1.02,315.83
2017-09-14,14:51:47.600,50.1041004,-5.3922872,-1.52,0.94,311.48
2017-09-14,14:51:52.600,50.1041276,-5.3923483,-1.21,0.64,304.73
2017-09-14,14:51:57.600,50.1041637,-5.3923600,-0.60,0.93,40.11
2017-09-14,14:52:02.600,50.1041919,-5.3923067,-1.82,0.86,50.85
2017-09-14,14:52:07.600,50.1042443,-5.3922859,-3.04,1.27,344.60
2017-09-14,14:52:13.000,50.1042671,-5.3923155,-3.35,0.28,285.44
2017-09-14,14:53:31.600,50.1042618,-5.3923419,-3.04,0.42,197.90
2017-09-14,14:53:41.000,50.1042229,-5.3922729,-4.26,0.43,138.47
2017-09-14,14:54:08.800,50.1042036,-5.3922540,-3.04,0.49,209.18
2017-09-14,14:54:13.800,50.1041811,-5.3922805,-2.74,0.38,223.80
2017-09-14,14:54:31.800,50.1041502,-5.3923164,-2.13,0.95,219.70
2017-09-14,14:54:36.800,50.1041175,-5.3923797,-1.82,1.17,219.38
2017-09-14,14:54:41.800,50.1040757,-5.3924253,-1.52,1.26,202.98
2017-09-14,14:54:46.800,50.1040279,-5.3924634,-1.21,1.13,192.11
2017-09-14,14:54:51.800,50.1039824,-5.3924956,-0.60,0.90,205.64
2017-09-14,14:54:56.800,50.1039416,-5.3925350,-0.30,1.08,222.76
2017-09-14,14:55:01.800,50.1039069,-5.3925563,0.00,1.12,184.06
2017-09-14,14:55:44.600,50.1038932,-5.3925830,1.82,0.93,284.99
2017-09-14,14:55:49.600,50.1038915,-5.3926556,1.52,0.66,233.95
2017-09-14,14:56:15.000,50.1038963,-5.3926980,1.82,0.52,268.10
2017-09-14,14:56:20.000,50.1039006,-5.3927705,2.43,1.34,274.39
2017-09-14,14:56:25.000,50.1039040,-5.3928452,2.13,0.96,265.17
2017-09-14,14:56:30.000,50.1039096,-5.3929216,2.43,1.28,287.76
2017-09-14,14:56:35.000,50.1039188,-5.3929978,2.13,0.87,290.94
2017-09-14,14:56:40.000,50.1039340,-5.3930782,2.13,1.17,300.06
2017-09-14,14:56:45.000,50.1039545,-5.3931501,1.82,0.50,291.74
2017-09-14,14:56:50.000,50.1039656,-5.3932296,1.21,1.03,284.76
2017-09-14,14:56:55.000,50.1039771,-5.3933045,1.52,0.84,303.77
2017-09-14,14:57:00.000,50.1039820,-5.3933775,1.52,0.90,277.98
2017-09-14,14:57:05.000,50.1039906,-5.3934553,2.43,1.12,285.52
2017-09-14,14:57:10.000,50.1040054,-5.3935340,3.35,0.84,305.08
2017-09-14,14:57:15.000,50.1040150,-5.3935947,4.57,0.91,290.45
2017-09-14,14:57:20.000,50.1040276,-5.3936653,5.18,1.00,274.31
2017-09-14,14:57:25.000,50.1040473,-5.3937307,5.48,0.96,304.30
2017-09-14,14:57:30.000,50.1040561,-5.3938044,5.79,1.40,271.79
2017-09-14,14:57:35.000,50.1040605,-5.3938812,5.79,0.81,276.29
2017-09-14,14:57:40.000,50.1040714,-5.3939561,5.79,1.17,294.12
2017-09-14,14:57:45.000,50.1040766,-5.3940339,5.79,1.18,292.68
2017-09-14,14:57:50.000,50.1040910,-5.3940950,6.09,1.01,293.95
2017-09-14,14:57:55.000,50.1040953,-5.3941677,6.40,0.84,272.82
2017-09-14,14:58:00.000,50.1040960,-5.3942439,7.31,1.63,272.02
2017-09-14,14:58:05.000,50.1041098,-5.3943160,7.92,0.95,280.42
2017-09-14,14:58:10.000,50.1041091,-5.3943792,8.22,0.82,248.22
2017-09-14,14:58:15.000,50.1041040,-5.3944362,8.83,0.69,262.43
2017-09-14,14:58:20.000,50.1040869,-5.3945046,9.44,0.85,243.48
2017-09-14,14:58:25.000,50.1040564,-5.3945750,10.05,0.42,209.17
2017-09-14,14:58:30.000,50.1040230,-5.3946418,10.66,0.74,224.91
2017-09-14,14:58:53.200,50.1040050,-5.3946974,11.27,0.31,247.18
2017-09-14,14:59:05.200,50.1039866,-5.3947396,11.88,0.64,245.06
2017-09-14,14:59:13.600,50.1039575,-5.3947985,12.80,1.23,243.42
2017-09-14,14:59:18.600,50.1039138,-5.3948617,12.49,0.42,201.33
2017-09-14,14:59:23.600,50.1038745,-5.3949288,12.49,1.71,235.58
2017-09-14,14:59:28.600,50.1038336,-5.3950155,12.80,1.44,257.66
2017-09-14,14:59:33.600,50.1038022,-5.3950924,13.41,0.73,219.04
2017-09-14,14:59:38.600,50.1037714,-5.3951736,13.71,1.15,237.30
2017-09-14,14:59:43.800,50.1037357,-5.3952497,14.32,1.79,253.27
2017-09-14,14:59:48.800,50.1037091,-5.3953273,14.93,1.03,230.46
2017-09-14,14:59:53.800,50.1036773,-5.3954045,15.54,1.36,228.71
2017-09-14,14:59:58.800,50.1036383,-5.3954737,16.15,1.13,229.16
2017-09-14,15:00:04.200,50.1036138,-5.3955183,16.76,1.09,225.89
2017-09-14,15:01:47.200,50.1035784,-5.3955806,17.98,1.29,224.88
2017-09-14,15:01:52.200,50.1035347,-5.3956414,18.28,1.14,224.98
2017-09-14,15:01:57.200,50.1034861,-5.3957079,18.28,1.27,229.96
2017-09-14,15:02:02.200,50.1034491,-5.3957714,18.59,0.88,223.22
2017-09-14,15:02:07.200,50.1034087,-5.3958198,17.98,1.17,205.13
2017-09-14,15:02:12.200,50.1033759,-5.3958654,17.67,0.81,203.59
2017-09-14,15:02:17.200,50.1033369,-5.3958956,16.76,0.72,209.58
2017-09-14,15:02:22.200,50.1033014,-5.3959300,15.84,0.92,195.10
2017-09-14,15:02:27.200,50.1032540,-5.3959609,14.93,1.12,195.77
2017-09-14,15:02:32.200,50.1032098,-5.3960012,14.02,1.06,226.29
2017-09-14,15:02:37.200,50.1031647,-5.3960263,13.10,1.26,215.87
2017-09-14,15:02:42.200,50.1031131,-5.3960780,12.80,1.24,207.05
2017-09-14,15:02:47.200,50.1030654,-5.3961205,12.49,0.79,201.52
2017-09-14,15:02:52.200,50.1030263,-5.3961515,11.58,0.84,181.68
2017-09-14,15:02:57.200,50.1029844,-5.3961832,10.66,1.05,212.92
2017-09-14,15:03:02.200,50.1029412,-5.3962307,10.66,1.12,228.25
2017-09-14,15:03:07.200,50.1029005,-5.3962691,10.66,1.23,210.79
2017-09-14,15:03:12.200,50.1028492,-5.3962953,11.88,0.84,208.74
2017-09-14,15:03:17.200,50.1027917,-5.3963137,13.10,1.08,188.30
2017-09-14,15:03:22.200,50.1027329,-5.3963290,14.63,1.18,184.76
2017-09-14,15:03:27.200,50.1026719,-5.3963253,15.54,1.22,170.34
2017-09-14,15:03:32.200,50.1026293,-5.3963109,14.93,0.98,184.29
2017-09-14,15:03:37.200,50.1025852,-5.3962931,14.32,0.72,173.21
2017-09-14,15:03:42.200,50.1025432,-5.3962719,13.10,0.55,179.40
2017-09-14,15:03:47.200,50.1024889,-5.3962645,12.19,0.85,182.75
2017-09-14,15:03:52.200,50.1024407,-5.3962460,10.97,0.69,175.93
2017-09-14,15:03:57.200,50.1023898,-5.3962471,9.44,1.24,198.26
2017-09-14,15:04:02.200,50.1023443,-5.3962462,8.53,0.75,175.33
2017-09-14,15:04:07.200,50.1023002,-5.3962323,7.62,0.85,189.11
2017-09-14,15:04:12.200,50.1022457,-5.3962280,7.01,1.12,186.48
2017-09-14,15:04:17.200,50.1022027,-5.3962313,6.40,0.95,205.88
2017-09-14,15:04:22.200,50.1021355,-5.3962772,7.31,1.42,205.69
2017-09-14,15:04:27.200,50.1020814,-5.3962942,8.22,1.00,206.24
2017-09-14,15:04:32.200,50.1020287,-5.3963352,11.27,1.16,236.47
2017-09-14,15:04:37.200,50.1020164,-5.3963775,13.71,0.90,236.90
2017-09-14,15:04:42.400,50.1019907,-5.3964478,16.15,0.82,244.58
2017-09-14,15:04:47.400,50.1019730,-5.3965075,18.89,0.64,254.41
2017-09-14,15:04:52.400,50.1019645,-5.3965881,21.64,0.64,257.68
2017-09-14,15:04:57.400,50.1019578,-5.3966689,23.46,1.36,252.74
2017-09-14,15:05:02.400,50.1019523,-5.3967564,25.29,1.47,261.33
2017-09-14,15:05:07.400,50.1019432,-5.3968400,26.82,1.32,265.92
2017-09-14,15:05:12.400,50.1019181,-5.3969413,28.95,0.50,243.20
2017-09-14,15:05:17.400,50.1018894,-5.3970460,30.78,1.12,247.76
2017-09-14,15:05:22.400,50.1018662,-5.3971358,32.30,1.62,262.14
2017-09-14,15:05:27.400,50.1018433,-5.3972158,33.22,1.79,249.72
2017-09-14,15:05:32.400,50.1018167,-5.3973027,33.83,1.81,252.53
2017-09-14,15:05:37.400,50.1017974,-5.3973743,34.13,1.49,253.18
2017-09-14,15:05:42.400,50.1017933,-5.3974489,34.74,0.75,259.55
2017-09-14,15:05:47.600,50.1017794,-5.3975224,35.35,1.81,255.26
2017-09-14,15:05:52.600,50.1017645,-5.3976030,35.96,2.09,256.02
2017-09-14,15:05:57.600,50.1017502,-5.3976946,36.27,1.31,264.42
2017-09-14,15:06:02.600,50.1017331,-5.3977587,36.88,0.48,225.03
2017-09-14,15:06:07.600,50.1017000,-5.3978109,37.18,1.71,239.22
2017-09-14,15:06:12.600,50.1016842,-5.3978798,36.88,1.19,275.49
2017-09-14,15:06:17.600,50.1016910,-5.3979632,36.88,1.48,279.20
2017-09-14,15:06:22.600,50.1016915,-5.3980358,36.57,0.50,237.49
2017-09-14,15:06:27.600,50.1017104,-5.3981182,36.27,0.86,296.70
2017-09-14,15:06:32.600,50.1017021,-5.3982036,36.27,0.78,239.15
2017-09-14,15:06:37.600,50.1016825,-5.3982768,35.66,1.28,261.36
2017-09-14,15:06:42.600,50.1016797,-5.3983496,35.35,0.70,277.00
2017-09-14,15:06:47.600,50.1016839,-5.3983983,35.35,0.87,282.08
2017-09-14,15:07:04.600,50.1016957,-5.3984660,34.74,0.72,293.16
2017-09-14,15:07:09.600,50.1017254,-5.3985420,34.13,0.99,305.29
2017-09-14,15:07:14.600,50.1017568,-5.3986139,33.83,1.69,307.93
2017-09-14,15:07:19.600,50.1017855,-5.3986772,33.83,0.67,266.70
2017-09-14,15:07:24.800,50.1018066,-5.3987216,33.83,1.01,130.22
2017-09-14,15:08:00.800,50.1018106,-5.3987578,36.57,0.76,307.95
2017-09-14,15:08:05.800,50.1018407,-5.3988009,35.96,1.12,303.27
2017-09-14,15:08:10.800,50.1018765,-5.3988391,35.96,1.20,333.77
2017-09-14,15:08:15.800,50.1019060,-5.3989025,35.96,1.13,311.14
2017-09-14,15:08:20.800,50.1019391,-5.3989543,35.66,1.03,309.19
2017-09-14,15:08:25.800,50.1019728,-5.3989971,35.66,1.21,333.89
2017-09-14,15:08:30.800,50.1019991,-5.3990385,35.66,0.97,294.92
2017-09-14,15:08:35.800,50.1019917,-5.3990921,35.05,0.88,253.26
2017-09-14,15:08:40.800,50.1019910,-5.3991529,34.74,1.25,288.88
2017-09-14,15:08:45.800,50.1020094,-5.3992194,34.13,1.40,306.32
2017-09-14,15:08:50.800,50.1020312,-5.3992905,33.52,1.44,296.44
2017-09-14,15:08:55.800,50.1020512,-5.3993691,32.91,1.67,293.89
2017-09-14,15:09:00.800,50.1020783,-5.3994364,32.91,1.12,302.18
2017-09-14,15:09:05.800,50.1021171,-5.3994853,32.91,0.70,25.75
2017-09-14,15:09:14.400,50.1021506,-5.3995172,32.61,1.08,340.35
2017-09-14,15:09:19.400,50.1021938,-5.3995567,32.30,1.09,326.80
2017-09-14,15:09:24.400,50.1022293,-5.3996049,32.30,0.82,313.14
2017-09-14,15:09:29.400,50.1022638,-5.3996564,32.61,1.18,300.44
2017-09-14,15:09:34.400,50.1022885,-5.3997197,32.61,0.96,301.57
2017-09-14,15:09:39.400,50.1023088,-5.3997874,32.30,0.69,294.52
2017-09-14,15:09:44.400,50.1023104,-5.3998571,32.00,1.09,269.62
2017-09-14,15:09:49.400,50.1023041,-5.3999268,31.08,0.64,254.03
2017-09-14,15:09:54.400,50.1023004,-5.3999912,30.48,0.70,261.81
2017-09-14,15:09:59.400,50.1022921,-5.4000499,29.87,0.67,235.48
2017-09-14,15:10:04.400,50.1022608,-5.4001002,28.95,0.87,237.29
2017-09-14,15:10:09.400,50.1022414,-5.4001523,28.04,1.05,249.60
2017-09-14,15:10:14.400,50.1022249,-5.4002041,26.82,0.83,235.34
2017-09-14,15:10:19.400,50.1021997,-5.4002586,25.90,1.11,234.62
2017-09-14,15:10:24.400,50.1021865,-5.4003168,24.99,0.53,260.61
2017-09-14,15:10:29.400,50.1021783,-5.4003555,24.07,0.55,243.24
2017-09-14,15:10:42.200,50.1021675,-5.4003830,23.46,0.58,252.53
2017-09-14,15:10:55.000,50.1021715,-5.4004181,23.16,0.44,278.39
2017-09-14,15:11:00.000,50.1021806,-5.4004614,22.86,0.59,302.93
2017-09-14,15:11:05.000,50.1021949,-5.4005076,22.86,0.78,294.50
2017-09-14,15:11:10.000,50.1022058,-5.4005358,22.86,0.30,306.02
2017-09-14,15:11:16.800,50.1022349,-5.4006198,22.86,1.54,323.39
2017-09-14,15:11:21.800,50.1022819,-5.4006791,22.86,1.15,334.60
2017-09-14,15:11:26.800,50.1023258,-5.4007330,22.86,1.10,317.19
2017-09-14,15:11:31.800,50.1023619,-5.4007885,22.55,1.09,311.20
2017-09-14,15:11:36.800,50.1023953,-5.4008533,22.25,1.09,299.11
2017-09-14,15:11:41.800,50.1024188,-5.4009254,22.25,0.68,303.02
2017-09-14,15:11:46.800,50.1024408,-5.4010003,21.64,1.08,301.44
2017-09-14,15:11:51.800,50.1024737,-5.4010685,21.64,1.30,319.51
2017-09-14,15:11:56.800,50.1025001,-5.4011447,21.94,1.43,299.86
2017-09-14,15:12:01.800,50.1025387,-5.4012082,22.25,1.14,328.97
2017-09-14,15:12:06.800,50.1025670,-5.4012334,22.25,0.67,325.44
2017-09-14,15:12:11.800,50.1025977,-5.4012751,22.25,0.92,303.60
2017-09-14,15:12:21.000,50.1026194,-5.4013042,22.25,1.03,331.45
2017-09-14,15:12:26.000,50.1026380,-5.4013736,21.94,0.85,282.45
2017-09-14,15:12:31.000,50.1026700,-5.4014502,21.64,1.17,336.52
2017-09-14,15:12:36.000,50.1027084,-5.4014913,21.33,1.03,333.42
2017-09-14,15:12:41.000,50.1027338,-5.4015208,22.86,0.94,314.80
2017-09-14,15:12:46.000,50.1027669,-5.4015657,23.46,0.70,341.93
2017-09-14,15:12:51.000,50.1027888,-5.4015869,24.38,0.55,319.10
2017-09-14,15:12:56.000,50.1027893,-5.4016508,23.77,0.64,250.04
2017-09-14,15:13:01.000,50.1027939,-5.4017179,23.16,0.81,317.00
2017-09-14,15:13:06.000,50.1028200,-5.4017668,22.86,0.77,318.86
2017-09-14,15:13:11.000,50.1028558,-5.4018199,22.25,1.74,346.98
2017-09-14,15:13:16.000,50.1028902,-5.4018623,21.94,1.43,323.13
2017-09-14,15:13:21.000,50.1029216,-5.4019126,22.86,0.39,328.28
2017-09-14,15:13:26.000,50.1029375,-5.4019573,23.77,0.98,288.45
2017-09-14,15:13:31.000,50.1029511,-5.4020325,24.07,1.18,303.32
2017-09-14,15:13:36.000,50.1029801,-5.4020916,24.07,1.19,318.51
2017-09-14,15:13:41.000,50.1030266,-5.4021373,24.07,1.22,331.70
2017-09-14,15:13:46.000,50.1030529,-5.4021905,24.38,0.94,296.93
2017-09-14,15:13:51.000,50.1030694,-5.4022613,24.68,1.09,298.36
2017-09-14,15:13:56.000,50.1030868,-5.4023432,24.68,0.84,280.91
2017-09-14,15:14:01.000,50.1030926,-5.4024233,24.07,0.94,293.20
2017-09-14,15:14:06.000,50.1030956,-5.4024977,23.16,0.78,274.25
2017-09-14,15:14:11.000,50.1030818,-5.4025730,21.94,0.96,254.43
2017-09-14,15:14:16.000,50.1030673,-5.4026389,20.72,1.36,267.91
2017-09-14,15:14:21.000,50.1030626,-5.4027205,20.11,1.28,271.33
2017-09-14,15:14:26.000,50.1030658,-5.4028020,19.20,0.87,276.48
2017-09-14,15:14:31.000,50.1030636,-5.4028854,18.28,0.51,236.12
2017-09-14,15:14:36.000,50.1030617,-5.4029621,17.37,1.21,278.45
2017-09-14,15:14:41.000,50.1030702,-5.4030377,16.76,1.06,303.18
2017-09-14,15:14:46.000,50.1030735,-5.4031003,16.15,1.18,261.64
2017-09-14,15:14:51.000,50.1030600,-5.4031646,15.54,1.23,260.12
2017-09-14,15:14:56.000,50.1030595,-5.4032369,14.63,1.04,282.88
2017-09-14,15:15:01.000,50.1030667,-5.4033055,14.32,1.20,273.70
2017-09-14,15:15:06.000,50.1030827,-5.4033752,13.71,1.51,295.87
2017-09-14,15:15:51.000,50.1031037,-5.4034480,13.41,0.51,253.33
2017-09-14,15:15:56.000,50.1031182,-5.4035264,12.80,0.59,303.39
2017-09-14,15:16:01.000,50.1031274,-5.4035961,11.88,1.08,276.76
2017-09-14,15:16:06.000,50.1031532,-5.4036591,11.27,0.85,328.58
2017-09-14,15:16:11.000,50.1031697,-5.4037221,10.66,1.21,297.83
2017-09-14,15:16:16.200,50.1032038,-5.4037725,10.66,1.10,319.39
2017-09-14,15:16:26.200,50.1032319,-5.4037975,9.75,0.38,347.65
2017-09-14,15:16:31.200,50.1032631,-5.4038192,9.75,0.73,324.08
2017-09-14,15:16:36.200,50.1033039,-5.4038243,9.14,0.71,6.83
2017-09-14,15:16:41.200,50.1033460,-5.4038269,8.22,0.81,11.69
2017-09-14,15:16:48.400,50.1033793,-5.4038174,8.22,0.72,335.91
2017-09-14,15:16:54.000,50.1034183,-5.4038215,7.92,0.61,18.95
2017-09-14,15:16:59.400,50.1034583,-5.4038261,7.62,0.96,340.93
2017-09-14,15:17:04.400,50.1035075,-5.4038520,6.70,1.05,336.48
2017-09-14,15:17:09.400,50.1035664,-5.4038843,6.09,1.80,348.17
2017-09-14,15:17:14.400,50.1036088,-5.4039316,5.48,0.61,10.76
2017-09-14,15:17:19.400,50.1036525,-5.4039633,5.18,0.58,14.23
2017-09-14,15:17:24.400,50.1036933,-5.4039521,4.87,0.57,5.21
2017-09-14,15:17:29.800,50.1036920,-5.4039953,3.65,1.34,235.06
2017-09-14,15:17:34.800,50.1037056,-5.4040587,2.74,1.57,343.50
2017-09-14,15:17:39.800,50.1037594,-5.4040505,2.43,1.52,7.55
2017-09-14,15:17:45.000,50.1037934,-5.4040944,2.74,0.51,305.01
2017-09-14,15:17:50.000,50.1038217,-5.4041072,2.74,0.63,25.04
2017-09-14,15:17:56.400,50.1038436,-5.4041124,2.13,0.59,292.81
2017-09-14,15:18:02.000,50.1038532,-5.4041817,1.82,0.77,271.58
2017-09-14,15:18:07.400,50.1038589,-5.4042299,1.82,0.59,251.97
2017-09-14,15:18:12.600,50.1038734,-5.4042304,3.96,0.83,253.26
2017-09-14,15:18:17.800,50.1038555,-5.4042949,8.53,1.10,258.75
2017-09-14,15:18:22.800,50.1038251,-5.4043784,14.02,0.80,217.25
2017-09-14,15:18:27.800,50.1038062,-5.4044486,17.06,0.74,217.10
2017-09-14,15:18:32.800,50.1037982,-5.4045044,19.81,0.97,276.10
2017-09-14,15:18:37.800,50.1037947,-5.4045782,21.64,0.93,284.12
2017-09-14,15:18:42.800,50.1038113,-5.4046454,22.55,0.62,292.08
2017-09-14,15:18:47.800,50.1038314,-5.4047242,22.86,1.43,283.83
2017-09-14,15:18:52.800,50.1038299,-5.4048046,23.16,1.80,266.92
2017-09-14,15:18:57.800,50.1038185,-5.4048841,23.16,1.22,231.22
2017-09-14,15:19:03.000,50.1038484,-5.4049701,21.94,0.98,307.18
2017-09-14,15:19:08.000,50.1038856,-5.4050439,21.03,1.52,304.83
2017-09-14,15:19:13.000,50.1039319,-5.4050988,21.33,0.74,328.29
2017-09-14,15:19:18.000,50.1039697,-5.4051370,22.25,0.95,340.51
2017-09-14,15:19:23.000,50.1040167,-5.4051742,23.16,1.26,311.30
2017-09-14,15:19:28.000,50.1040487,-5.4052360,23.77,0.65,306.27
2017-09-14,15:19:33.000,50.1040738,-5.4053027,24.07,0.40,231.68
2017-09-14,15:19:38.200,50.1040906,-5.4053748,24.99,0.74,284.66
2017-09-14,15:19:43.200,50.1041084,-5.4054594,24.99,0.95,302.52
2017-09-14,15:19:48.200,50.1041294,-5.4055266,24.68,0.86,312.10
2017-09-14,15:20:03.400,50.1041598,-5.4055649,24.99,0.95,0.59
2017-09-14,15:20:08.400,50.1041863,-5.4055872,25.29,1.19,295.29
2017-09-14,15:20:13.600,50.1042185,-5.4056510,25.90,1.25,308.74
2017-09-14,15:20:18.600,50.1042433,-5.4057224,26.21,0.86,313.25
2017-09-14,15:20:23.600,50.1042890,-5.4057636,26.51,1.30,323.08
2017-09-14,15:20:28.600,50.1043092,-5.4058353,26.21,1.00,277.14
2017-09-14,15:20:33.600,50.1043190,-5.4059277,24.68,0.66,261.49
2017-09-14,15:20:38.600,50.1043090,-5.4059993,23.16,1.23,260.30
2017-09-14,15:20:43.600,50.1043148,-5.4060646,23.46,1.00,312.08
2017-09-14,15:20:48.600,50.1043202,-5.4061281,23.77,1.20,286.45
2017-09-14,15:20:53.600,50.1043229,-5.4062036,23.16,1.50,272.45
2017-09-14,15:20:58.600,50.1043322,-5.4062877,22.86,0.92,277.54
2017-09-14,15:21:03.600,50.1043693,-5.4063389,23.46,0.74,277.66
2017-09-14,15:21:08.600,50.1043612,-5.4063883,24.07,0.97,269.70
2017-09-14,15:21:13.600,50.1043547,-5.4064330,24.07,0.54,285.99
2017-09-14,15:21:18.600,50.1043476,-5.4064909,23.77,0.67,267.85
2017-09-14,15:21:23.600,50.1043288,-5.4065503,23.16,1.98,248.55
2017-09-14,15:21:28.600,50.1043170,-5.4066316,22.25,1.06,274.97
2017-09-14,15:21:33.600,50.1043039,-5.4067193,21.94,2.26,276.52
2017-09-14,15:21:38.600,50.1043007,-5.4068107,21.64,0.93,247.16
2017-09-14,15:21:43.600,50.1042819,-5.4068991,21.94,1.98,262.83
2017-09-14,15:21:48.600,50.1042760,-5.4069807,21.64,0.62,241.62
2017-09-14,15:21:53.600,50.1042720,-5.4070659,22.25,2.00,271.83
2017-09-14,15:21:58.600,50.1042788,-5.4071507,22.86,0.90,247.59
2017-09-14,15:22:03.600,50.1042813,-5.4072137,24.38,0.40,234.24
2017-09-14,15:22:08.600,50.1042686,-5.4073061,25.60,1.82,269.83
2017-09-14,15:22:13.600,50.1042271,-5.4074149,24.99,0.75,225.69
2017-09-14,15:22:18.600,50.1042153,-5.4075158,24.38,1.84,288.83
2017-09-14,15:22:25.800,50.1042272,-5.4075842,24.38,0.75,239.96
2017-09-14,15:22:30.800,50.1042517,-5.4076736,23.77,0.91,295.27
2017-09-14,15:22:38.600,50.1042548,-5.4077295,23.46,0.34,217.74
2017-09-14,15:22:55.400,50.1042536,-5.4077742,22.25,1.66,282.37
2017-09-14,15:23:00.400,50.1042699,-5.4078415,22.25,1.74,282.26
2017-09-14,15:23:05.400,50.1042622,-5.4079374,20.72,0.83,261.55
2017-09-14,15:23:10.400,50.1042798,-5.4079970,20.11,1.72,288.56
2017-09-14,15:23:15.400,50.1043023,-5.4080589,20.11,1.47,307.69
2017-09-14,15:23:20.400,50.1043327,-5.4081002,20.72,0.44,289.63
2017-09-14,15:23:47.800,50.1043401,-5.4081299,21.64,0.39,256.61
2017-09-14,15:23:52.800,50.1043653,-5.4082057,21.94,0.87,264.42
2017-09-14,15:23:57.800,50.1043839,-5.4082905,21.64,0.84,310.94
2017-09-14,15:24:02.800,50.1044076,-5.4083573,21.64,1.09,302.64
2017-09-14,15:24:07.800,50.1044326,-5.4084241,21.94,1.17,304.11
2017-09-14,15:24:12.800,50.1044665,-5.4084878,21.94,1.37,319.43
2017-09-14,15:24:17.800,50.1045106,-5.4085376,22.25,1.21,321.75
2017-09-14,15:24:22.800,50.1045451,-5.4085679,22.55,0.69,0.56
2017-09-14,15:24:27.800,50.1045776,-5.4085918,23.46,0.80,341.92
2017-09-14,15:24:32.800,50.1046265,-5.4086116,26.21,0.79,321.20
2017-09-14,15:24:37.800,50.1046438,-5.4086626,28.65,0.64,277.38
2017-09-14,15:24:42.800,50.1046816,-5.4087189,30.17,1.20,314.25
2017-09-14,15:24:47.800,50.1047181,-5.4087731,32.00,0.67,321.29
2017-09-14,15:24:52.800,50.1047283,-5.4088413,33.52,1.10,294.13
2017-09-14,15:24:57.800,50.1047522,-5.4089093,35.35,0.86,284.10
2017-09-14,15:25:02.800,50.1047483,-5.4089857,36.88,1.28,287.54
2017-09-14,15:25:07.800,50.1047442,-5.4090761,38.10,0.72,267.42
2017-09-14,15:25:12.800,50.1047310,-5.4091380,37.49,0.67,221.17
2017-09-14,15:25:17.800,50.1047206,-5.4091732,37.18,0.44,210.65
2017-09-14,15:25:22.800,50.1046946,-5.4092184,36.57,0.86,228.97
2017-09-14,15:25:29.200,50.1046418,-5.4092534,36.88,1.16,194.30
2017-09-14,15:25:34.200,50.1045828,-5.4092662,35.35,0.55,190.53
2017-09-14,15:25:39.600,50.1045495,-5.4092604,34.74,0.55,162.88
2017-09-14,15:25:44.600,50.1045131,-5.4092550,33.22,0.60,155.78
2017-09-14,15:25:49.600,50.1044858,-5.4092727,32.00,0.93,198.83
2017-09-14,15:25:54.600,50.1044609,-5.4093299,31.08,0.91,256.43
2017-09-14,15:25:59.600,50.1044627,-5.4094089,29.56,1.01,252.77
2017-09-14,15:26:04.600,50.1044341,-5.4094631,28.34,1.53,240.21
2017-09-14,15:26:09.600,50.1044032,-5.4095287,26.82,1.15,229.37
2017-09-14,15:26:14.600,50.1043745,-5.4095842,24.68,1.38,239.45
2017-09-14,15:26:19.600,50.1043889,-5.4096618,23.46,0.87,304.42
2017-09-14,15:26:24.600,50.1044280,-5.4097046,22.25,0.76,338.31
2017-09-14,15:26:29.600,50.1044142,-5.4097686,22.25,1.15,244.06
2017-09-14,15:26:34.600,50.1044138,-5.4098617,21.64,1.29,296.83
2017-09-14,15:26:39.600,50.1044334,-5.4099323,21.94,0.94,294.88
2017-09-14,15:26:44.600,50.1044618,-5.4100024,22.55,0.92,297.32
2017-09-14,15:26:55.400,50.1044783,-5.4100601,24.38,0.65,300.82
2017-09-14,15:27:00.400,50.1045075,-5.4101387,24.38,0.92,307.79
2017-09-14,15:27:05.400,50.1045303,-5.4102067,24.68,1.31,294.16
2017-09-14,15:27:10.400,50.1045527,-5.4102713,24.68,0.91,301.47
2017-09-14,15:27:15.400,50.1045794,-5.4103429,24.38,1.00,311.64
2017-09-14,15:27:20.400,50.1046155,-5.4103711,23.46,0.52,317.55
2017-09-14,15:27:25.400,50.1046397,-5.4103747,22.86,0.55,354.99
2017-09-14,15:27:30.400,50.1046851,-5.4103696,22.55,0.45,15.13
2017-09-14,15:27:35.400,50.1047028,-5.4104138,23.16,0.89,282.51
2017-09-14,15:27:40.400,50.1047052,-5.4104733,23.77,0.94,283.99
2017-09-14,15:27:45.400,50.1047099,-5.4105331,24.38,0.68,264.27
2017-09-14,15:27:50.400,50.1047185,-5.4106076,24.99,1.15,276.70
2017-09-14,15:27:55.400,50.1047318,-5.4106878,25.60,0.68,281.62
2017-09-14,15:28:07.400,50.1047455,-5.4107218,26.21,0.63,283.76
2017-09-14,15:28:12.400,50.1047545,-5.4107732,26.51,0.58,268.95
2017-09-14,15:28:18.800,50.1047274,-5.4108087,26.21,0.31,188.46
2017-09-14,15:28:23.800,50.1046967,-5.4108327,25.60,0.65,207.38
2017-09-14,15:28:28.800,50.1046695,-5.4108650,24.99,0.53,241.91
2017-09-14,15:28:33.800,50.1046534,-5.4109546,24.38,1.07,267.52
2017-09-14,15:28:38.800,50.1046386,-5.4110474,24.07,0.52,228.26
2017-09-14,15:28:43.800,50.1045988,-5.4111344,23.46,1.02,226.43
2017-09-14,15:28:49.000,50.1045740,-5.4112061,22.55,1.46,274.99
2017-09-14,15:28:57.200,50.1045630,-5.4112378,21.94,0.31,229.86
2017-09-14,15:29:05.800,50.1045317,-5.4112806,21.03,0.28,163.98
2017-09-14,15:30:10.800,50.1045199,-5.4113223,19.50,1.67,264.86
2017-09-14,15:30:15.800,50.1045203,-5.4114203,19.20,1.35,275.83
2017-09-14,15:30:20.800,50.1045143,-5.4115253,17.06,1.58,262.14
2017-09-14,15:30:25.800,50.1044950,-5.4116346,14.02,1.02,249.06
2017-09-14,15:30:30.800,50.1044808,-5.4117286,13.71,1.05,246.82
2017-09-14,15:30:35.800,50.1044699,-5.4118043,14.93,1.68,257.70
2017-09-14,15:30:40.800,50.1044662,-5.4118728,17.67,1.06,260.89
2017-09-14,15:30:45.800,50.1044723,-5.4119332,18.59,0.66,258.77
2017-09-14,15:30:50.800,50.1044655,-5.4120115,18.28,1.40,262.70
2017-09-14,15:30:55.800,50.1044563,-5.4120940,17.37,0.98,270.97
2017-09-14,15:31:00.800,50.1044364,-5.4121638,16.15,1.30,253.81
2017-09-14,15:31:05.800,50.1044112,-5.4122532,15.24,1.29,256.44
2017-09-14,15:31:10.800,50.1044015,-5.4123395,14.63,1.15,265.67
2017-09-14,15:31:15.800,50.1043962,-5.4124115,14.02,1.03,248.75
2017-09-14,15:31:20.800,50.1043893,-5.4124902,13.71,0.89,274.89
2017-09-14,15:31:25.800,50.1043956,-5.4125503,14.32,1.11,256.13
2017-09-14,15:31:30.800,50.1044019,-5.4126135,16.15,0.88,273.83
2017-09-14,15:31:35.800,50.1044084,-5.4126691,18.28,1.19,265.95
2017-09-14,15:31:40.800,50.1044020,-5.4127194,20.72,0.56,264.06
2017-09-14,15:31:45.800,50.1043830,-5.4127835,22.25,0.81,221.35
2017-09-14,15:31:57.400,50.1043529,-5.4128227,23.77,0.81,241.98
2017-09-14,15:32:02.400,50.1043151,-5.4128665,21.33,0.74,226.20
2017-09-14,15:32:07.400,50.1042840,-5.4129307,23.16,0.91,214.42
2017-09-14,15:32:12.400,50.1042532,-5.4129709,24.99,0.96,238.18
2017-09-14,15:32:17.400,50.1042326,-5.4130077,25.29,0.79,211.29
2017-09-14,15:32:22.400,50.1041953,-5.4130519,24.07,0.60,193.65
2017-09-14,15:32:27.600,50.1041554,-5.4130856,24.07,1.18,194.64
2017-09-14,15:32:32.600,50.1041168,-5.4131468,25.29,0.98,243.54
2017-09-14,15:32:38.400,50.1040781,-5.4131871,26.82,1.95,229.99
2017-09-14,15:32:43.600,50.1040402,-5.4132576,27.12,1.01,235.26
2017-09-14,15:32:50.000,50.1039974,-5.4133223,26.82,0.33,231.69
2017-09-14,15:32:55.000,50.1040115,-5.4134070,28.34,0.56,286.39
2017-09-14,15:33:00.000,50.1040036,-5.4134671,28.95,1.03,230.96
2017-09-14,15:33:05.000,50.1039624,-5.4135062,28.65,1.77,204.07
2017-09-14,15:33:10.000,50.1039088,-5.4135411,26.82,1.13,207.68
2017-09-14,15:33:15.000,50.1038614,-5.4135830,27.73,1.08,209.34
2017-09-14,15:33:20.000,50.1038205,-5.4136430,26.82,1.40,211.73
2017-09-14,15:33:25.000,50.1037713,-5.4136887,26.21,1.35,220.58
2017-09-14,15:33:30.000,50.1037213,-5.4137238,25.60,0.81,195.86
2017-09-14,15:33:35.000,50.1036731,-5.4137808,24.68,1.42,226.60
2017-09-14,15:33:40.000,50.1036355,-5.4138323,24.07,1.16,223.42
2017-09-14,15:33:45.000,50.1035917,-5.4138584,23.46,1.13,206.02
2017-09-14,15:33:50.000,50.1035426,-5.4139057,22.25,0.31,265.54
2017-09-14,15:33:55.000,50.1035020,-5.4139649,20.42,1.78,207.43
2017-09-14,15:34:00.000,50.1034671,-5.4140202,19.81,1.12,236.42
2017-09-14,15:34:09.400,50.1034414,-5.4140464,17.98,0.66,187.11
2017-09-14,15:34:27.400,50.1034140,-5.4140629,17.98,0.63,197.42
2017-09-14,15:34:47.800,50.1033789,-5.4140771,17.98,0.70,205.78
2017-09-14,15:34:52.800,50.1033304,-5.4141042,17.98,0.98,202.41
2017-09-14,15:34:58.000,50.1032810,-5.4141534,17.06,1.12,213.59
2017-09-14,15:35:03.000,50.1032313,-5.4141928,16.15,1.25,197.31
2017-09-14,15:35:08.000,50.1031965,-5.4142538,15.54,0.99,251.50
2017-09-14,15:35:13.200,50.1031895,-5.4143132,14.63,0.31,250.51
2017-09-14,15:35:20.600,50.1031536,-5.4143264,14.02,0.40,189.68
2017-09-14,15:35:32.400,50.1031237,-5.4144005,14.02,1.33,250.40
2017-09-14,15:35:37.400,50.1030947,-5.4144763,14.02,1.14,229.99
2017-09-14,15:35:42.600,50.1030488,-5.4145330,14.32,2.14,207.14
2017-09-14,15:35:47.800,50.1030044,-5.4146110,14.63,1.49,245.66
2017-09-14,15:35:53.000,50.1029684,-5.4146921,15.54,1.21,245.67
2017-09-14,15:35:58.000,50.1029410,-5.4147649,15.84,1.36,237.53
2017-09-14,15:36:03.000,50.1029143,-5.4148318,15.84,1.99,244.08
2017-09-14,15:36:08.400,50.1028790,-5.4149093,16.15,0.75,246.38
2017-09-14,15:36:13.800,50.1028499,-5.4149668,16.76,0.63,211.21
2017-09-14,15:36:36.000,50.1028566,-5.4150104,17.67,0.66,251.14
2017-09-14,15:36:41.000,50.1028494,-5.4150717,18.28,1.93,268.39
2017-09-14,15:36:46.000,50.1028474,-5.4151259,18.89,0.61,240.06
2017-09-14,15:37:18.800,50.1028511,-5.4152175,19.50,1.12,250.40
2017-09-14,15:37:40.000,50.1028413,-5.4152445,19.20,0.78,169.93
2017-09-14,15:37:50.400,50.1028170,-5.4152206,19.50,1.05,90.92
2017-09-14,15:38:10.600,50.1028095,-5.4151849,20.42,0.51,7.24
2017-09-14,15:38:15.600,50.1028327,-5.4151736,20.42,0.32,49.62
2017-09-14,15:38:23.400,50.1028465,-5.4151212,20.11,0.66,71.55
2017-09-14,15:38:28.400,50.1028633,-5.4150539,19.50,0.34,35.97
2017-09-14,15:38:33.400,50.1028661,-5.4149817,19.50,0.80,106.25
2017-09-14,15:38:38.400,50.1028253,-5.4149866,18.89,0.57,208.38
2017-09-14,15:38:43.400,50.1027954,-5.4150331,18.59,0.45,204.16
2017-09-14,15:38:52.800,50.1028190,-5.4150639,19.81,0.80,338.26
2017-09-14,15:39:20.800,50.1028334,-5.4150768,20.11,0.51,167.54
2017-09-14,15:39:25.800,50.1028200,-5.4150449,20.11,0.64,173.88
2017-09-14,15:39:33.400,50.1027850,-5.4150508,19.81,0.38,221.67
2017-09-14,15:39:38.400,50.1027606,-5.4151130,19.50,1.20,240.82
2017-09-14,15:39:43.400,50.1027290,-5.4151668,19.20,0.84,205.02
2017-09-14,15:39:48.400,50.1027058,-5.4152403,18.59,0.95,231.72
2017-09-14,15:39:53.400,50.1026782,-5.4153092,17.67,0.94,239.01
2017-09-14,15:39:58.400,50.1026609,-5.4153702,16.76,0.39,248.03
2017-09-14,15:40:06.600,50.1026400,-5.4154400,15.84,1.44,242.46
2017-09-14,15:40:11.600,50.1026183,-5.4155050,15.54,0.98,233.56
2017-09-14,15:40:16.600,50.1025895,-5.4155708,14.63,1.01,245.49
2017-09-14,15:40:21.600,50.1025659,-5.4156416,13.41,1.06,241.75
2017-09-14,15:40:26.600,50.1025499,-5.4157130,12.49,1.37,242.48
2017-09-14,15:40:31.600,50.1025307,-5.4157947,11.58,1.67,258.64
2017-09-14,15:40:36.800,50.1025221,-5.4158669,10.97,0.75,235.84
2017-09-14,15:40:43.800,50.1025065,-5.4158999,10.66,0.43,59.79
2017-09-14,15:40:48.800,50.1025166,-5.4158633,10.36,0.29,57.54
2017-09-14,15:40:58.600,50.1025044,-5.4158975,9.75,0.90,228.21
2017-09-14,15:41:03.600,50.1024706,-5.4159496,9.75,0.78,202.29
2017-09-14,15:41:08.600,50.1024243,-5.4159916,9.75,1.32,214.79
2017-09-14,15:41:13.600,50.1023819,-5.4160367,9.75,1.01,198.01
2017-09-14,15:41:18.600,50.1023404,-5.4160355,9.14,1.12,156.68
2017-09-14,15:41:23.600,50.1023138,-5.4159896,7.62,1.33,156.25
2017-09-14,15:41:28.600,50.1022687,-5.4159490,6.40,0.96,147.94
2017-09-14,15:41:33.600,50.1022380,-5.4159157,5.48,0.69,147.49
2017-09-14,15:41:39.000,50.1022049,-5.4158672,3.96,0.32,131.34
2017-09-14,15:41:44.000,50.1021963,-5.4158170,2.13,0.82,87.31
2017-09-14,15:41:49.400,50.1021970,-5.4157619,0.91,0.33,46.32
2017-09-14,15:41:55.200,50.1022015,-5.4157220,0.30,0.48,62.85
2017-09-14,15:42:00.600,50.1021964,-5.4156774,-0.30,0.51,105.81
2017-09-14,15:42:07.200,50.1021924,-5.4156387,-0.91,0.57,116.13
2017-09-14,15:42:18.800,50.1022105,-5.4156308,-1.21,1.06,299.66
2017-09-14,15:42:23.800,50.1022372,-5.4156169,-1.52,0.68,105.70
2017-09-14,15:42:28.800,50.1022216,-5.4155891,-2.13,0.54,171.75
2017-09-14,15:42:46.600,50.1022113,-5.4156001,-0.91,0.47,237.31
2017-09-14,15:43:15.200,50.1022293,-5.4155581,-1.21,1.02,55.76
2017-09-14,15:43:20.600,50.1022628,-5.4154927,-1.82,0.48,79.69
2017-09-14,15:44:41.800,50.1022722,-5.4154758,0.00,0.70,280.80
2017-09-14,15:48:52.200,50.1022785,-5.4154882,0.00,0.44,171.63
2017-09-14,15:53:24.200,50.1022893,-5.4154521,5.79,0.29,28.96
2017-09-14,15:53:39.800,50.1023026,-5.4154173,4.87,0.54,44.79
2017-09-14,15:53:44.800,50.1023241,-5.4153708,4.26,0.69,52.05
2017-09-14,15:53:50.000,50.1023487,-5.4153275,3.35,0.39,47.02
2017-09-14,15:53:55.400,50.1023781,-5.4152771,3.04,0.86,50.51
2017-09-14,15:54:21.400,50.1024123,-5.4152674,1.52,0.62,89.65
2017-09-14,15:54:26.400,50.1024348,-5.4152251,1.21,0.47,45.02
2017-09-14,15:54:31.400,50.1024619,-5.4151831,0.30,1.19,66.65
2017-09-14,15:54:36.800,50.1024684,-5.4151333,0.00,0.32,102.86
2017-09-14,15:54:44.000,50.1024706,-5.4150956,0.00,0.30,344.47
2017-09-14,15:54:56.400,50.1024308,-5.4151331,-0.30,0.69,226.25
2017-09-14,15:55:01.400,50.1023863,-5.4151690,-0.30,0.75,232.36
2017-09-14,15:55:06.800,50.1023525,-5.4152040,-0.30,0.81,213.93
2017-09-14,15:55:12.200,50.1023322,-5.4152241,-0.30,0.32,200.96
2017-09-14,15:56:15.000,50.1023101,-5.4152395,-0.60,0.68,220.30
2017-09-14,15:56:20.000,50.1022805,-5.4152597,-0.60,0.82,227.27
2017-09-14,15:56:25.000,50.1022568,-5.4152879,0.00,0.45,246.70
2017-09-14,15:56:33.200,50.1022362,-5.4153332,0.30,0.52,255.49
2017-09-14,15:56:39.200,50.1022051,-5.4153415,0.00,1.15,196.02
2017-09-14,15:56:44.200,50.1021832,-5.4153706,0.00,0.59,225.45
2017-09-14,15:57:01.400,50.1021864,-5.4153781,-0.60,0.47,133.76
2017-09-14,15:57:06.400,50.1021605,-5.4153433,-0.60,0.40,116.88
2017-09-14,15:57:11.400,50.1021323,-5.4153249,-0.91,0.49,178.58
2017-09-14,15:57:17.600,50.1021051,-5.4153008,-0.91,0.77,158.75
2017-09-14,15:57:25.800,50.1020718,-5.4152965,-0.30,0.57,204.33
2017-09-14,15:57:35.000,50.1020552,-5.4153362,0.30,0.60,327.63
2017-09-14,15:57:40.000,50.1020796,-5.4153732,0.00,0.58,330.44
2017-09-14,15:57:45.000,50.1020986,-5.4154112,0.00,0.75,320.43
2017-09-14,15:57:50.000,50.1021333,-5.4154322,0.00,0.37,330.17
2017-09-14,15:57:55.200,50.1021566,-5.4154797,1.21,0.65,314.87
2017-09-14,15:58:00.400,50.1021871,-5.4154982,2.43,1.29,338.78
2017-09-14,15:58:05.600,50.1022320,-5.4154884,2.74,0.66,342.84
2017-09-14,15:58:27.000,50.1022509,-5.4154870,3.96,0.97,117.36
2017-09-14,15:58:32.000,50.1022198,-5.4154606,3.65,0.69,179.54
2017-09-14,15:58:37.200,50.1021865,-5.4154695,3.96,0.50,197.98
2017-09-14,15:58:42.400,50.1021577,-5.4154585,3.35,0.52,179.69
2017-09-14,15:58:54.000,50.1021390,-5.4154672,3.04,0.82,259.74
2017-09-14,15:59:03.000,50.1021421,-5.4155118,4.26,0.61,256.83
2017-09-14,15:59:55.400,50.1021599,-5.4155318,4.87,0.34,326.63
2017-09-14,16:00:48.400,50.1021985,-5.4155724,4.26,0.32,304.52
2017-09-14,16:01:15.000,50.1022247,-5.4156220,4.87,0.39,328.69
2017-09-14,16:01:30.600,50.1022425,-5.4156481,5.48,0.40,312.70
2017-09-14,16:02:17.400,50.1022535,-5.4155939,4.87,0.47,82.51
2017-09-14,16:02:41.600,50.1022562,-5.4155668,4.26,0.33,71.25
2017-09-14,16:02:47.800,50.1022834,-5.4155500,3.96,0.79,81.39
2017-09-14,16:03:01.000,50.1022977,-5.4155140,3.04,0.57,35.49
2017-09-14,16:03:09.200,50.1022908,-5.4154840,3.04,0.80,169.12
2017-09-14,16:03:19.800,50.1022698,-5.4154911,2.74,0.86,305.10
2017-09-14,16:03:32.800,50.1022612,-5.4154734,2.74,0.32,134.57
2017-09-14,16:03:46.000,50.1022556,-5.4154683,3.04,0.30,13.77
2017-09-14,16:04:07.800,50.1022629,-5.4154764,3.35,0.31,231.90
2017-09-14,16:04:49.400,50.1022502,-5.4154751,3.35,0.50,161.68
2017-09-14,16:05:59.600,50.1022521,-5.4154572,1.82,0.80,115.70
2017-09-14,16:06:30.200,50.1022580,-5.4154786,1.52,0.70,288.45
2017-09-14,16:06:52.200,50.1022745,-5.4154782,1.82,0.35,120.17
2017-09-14,16:07:32.800,50.1022624,-5.4154437,1.52,0.35,210.05
2017-09-14,16:08:18.600,50.1022401,-5.4154822,2.74,0.66,236.94
2017-09-14,16:08:28.800,50.1022425,-5.4154908,3.04,0.30,25.58
2017-09-14,16:09:05.200,50.1022492,-5.4154848,3.65,0.33,319.93
2017-09-14,16:09:21.800,50.1022281,-5.4155142,4.87,0.29,66.37
2017-09-14,16:09:28.400,50.1022252,-5.4154369,4.26,0.72,73.20
2017-09-14,16:09:33.400,50.1022006,-5.4153684,3.35,0.77,143.69
2017-09-14,16:09:38.400,50.1021651,-5.4153352,2.43,0.55,111.75
2017-09-14,16:09:51.600,50.1021521,-5.4152995,1.21,0.57,70.87
2017-09-14,16:09:58.000,50.1021292,-5.4152625,0.91,0.33,94.41
2017-09-14,16:10:03.200,50.1021149,-5.4152246,0.30,0.60,112.48
2017-09-14,16:10:08.400,50.1020778,-5.4151915,0.00,0.28,182.39
2017-09-14,16:10:29.600,50.1020447,-5.4151789,0.00,0.39,127.92
2017-09-14,16:10:34.600,50.1020424,-5.4151320,-0.60,0.66,91.62
2017-09-14,16:10:39.600,50.1020215,-5.4150984,-0.30,0.30,129.86
2017-09-14,16:11:20.400,50.1020329,-5.4151267,0.00,0.94,311.77
2017-09-14,16:11:25.800,50.1020686,-5.4151853,0.91,0.45,314.70
2017-09-14,16:11:40.400,50.1021021,-5.4152076,0.00,0.75,346.60
2017-09-14,16:11:49.200,50.1021399,-5.4152123,-0.91,0.61,354.07
2017-09-14,16:11:54.200,50.1021779,-5.4152221,-1.21,0.72,287.27
2017-09-14,16:12:06.000,50.1022122,-5.4152902,0.00,0.62,321.05
2017-09-14,16:12:11.000,50.1022242,-5.4153022,0.60,0.49,351.64
2017-09-14,16:12:16.000,50.1022582,-5.4152912,1.52,0.83,32.57
2017-09-14,16:12:21.800,50.1022837,-5.4152518,2.43,0.80,33.71
2017-09-14,16:12:27.000,50.1023054,-5.4152142,3.35,0.64,20.20
2017-09-14,16:12:32.400,50.1023359,-5.4151810,3.96,0.32,319.95
2017-09-14,16:12:38.000,50.1023583,-5.4151194,2.13,0.79,123.83
2017-09-14,16:12:46.200,50.1023378,-5.4150563,1.52,0.73,97.23
2017-09-14,16:12:51.800,50.1023483,-5.4149847,0.91,0.37,69.17
2017-09-14,16:12:57.200,50.1023420,-5.4149340,0.30,0.85,88.17
2017-09-14,16:13:02.800,50.1023615,-5.4149015,0.00,0.50,34.60
2017-09-14,16:13:07.800,50.1023797,-5.4148701,-0.30,0.40,54.01
2017-09-14,16:13:17.000,50.1023850,-5.4148067,-0.60,1.06,87.91
2017-09-14,16:13:23.800,50.1023987,-5.4147672,-0.30,0.93,43.44
2017-09-14,16:13:28.800,50.1024396,-5.4147454,-0.30,0.68,48.75
2017-09-14,16:13:34.800,50.1024637,-5.4147188,-0.91,0.33,112.74
2017-09-14,16:13:41.600,50.1024808,-5.4146841,-0.91,0.77,42.85
2017-09-14,16:13:46.600,50.1025025,-5.4146383,-2.43,0.55,34.40
2017-09-14,16:13:52.200,50.1025275,-5.4145975,-2.43,0.60,133.38
2017-09-14,16:13:57.600,50.1025319,-5.4145429,-1.82,1.18,52.34
2017-09-14,16:14:02.600,50.1025645,-5.4145220,-1.52,0.98,45.67
2017-09-14,16:14:07.600,50.1025968,-5.4144872,-0.91,0.66,38.07
2017-09-14,16:14:12.600,50.1026223,-5.4144345,-0.30,0.79,33.78
2017-09-14,16:14:17.600,50.1026578,-5.4143879,-0.30,0.65,21.75
2017-09-14,16:14:23.800,50.1026959,-5.4143698,0.00,0.50,17.48
2017-09-14,16:14:30.200,50.1027257,-5.4143908,0.60,0.67,284.11
2017-09-14,16:14:36.800,50.1027662,-5.4143808,0.30,0.31,76.86
2017-09-14,16:14:42.600,50.1027941,-5.4143514,0.00,0.40,28.03
2017-09-14,16:14:47.600,50.1028695,-5.4143571,-1.21,0.82,79.79
2017-09-14,16:14:53.000,50.1028711,-5.4142728,-1.21,0.44,60.92
2017-09-14,16:14:58.000,50.1028740,-5.4141926,-1.21,1.18,53.01
2017-09-14,16:15:03.000,50.1028833,-5.4141399,-1.21,1.27,54.81
2017-09-14,16:15:08.000,50.1028962,-5.4140770,-1.82,0.30,82.94
2017-09-14,16:15:15.200,50.1029139,-5.4139943,-2.43,0.66,48.66
2017-09-14,16:15:22.600,50.1029302,-5.4139499,-2.43,0.58,338.70
2017-09-14,16:15:33.800,50.1029604,-5.4139694,-2.74,0.30,124.82
2017-09-14,16:15:40.200,50.1029700,-5.4139282,-3.35,0.94,28.62
2017-09-14,16:15:46.600,50.1029901,-5.4138914,-3.65,0.38,329.09
2017-09-14,16:15:53.600,50.1030113,-5.4138684,-4.57,0.31,28.96
2017-09-14,16:16:03.000,50.1030439,-5.4138548,-4.26,0.42,70.47
2017-09-14,16:16:12.000,50.1030733,-5.4138386,-4.26,0.29,33.22
2017-09-14,16:16:20.600,50.1031128,-5.4138040,-3.96,0.67,77.34
2017-09-14,16:16:27.000,50.1031368,-5.4137708,-3.65,0.32,284.77
2017-09-14,16:16:32.400,50.1031676,-5.4137588,-3.65,0.87,14.94
2017-09-14,16:16:38.800,50.1032032,-5.4137426,-3.96,0.35,3.96
2017-09-14,16:16:43.800,50.1032359,-5.4136980,-3.96,0.47,47.73
2017-09-14,16:16:57.800,50.1032606,-5.4136823,-3.35,0.60,55.09
2017-09-14,16:17:05.000,50.1033186,-5.4136361,-2.74,0.57,24.03
2017-09-14,16:17:11.000,50.1033380,-5.4135856,-3.04,0.48,33.67
2017-09-14,16:17:16.200,50.1033554,-5.4135684,-3.35,0.50,47.82
2017-09-14,16:17:21.600,50.1033689,-5.4135296,-3.04,0.46,48.96
2017-09-14,16:17:29.800,50.1033936,-5.4135044,-3.04,0.47,22.21
2017-09-14,16:17:36.200,50.1034083,-5.4134908,-3.35,0.50,32.50
2017-09-14,16:17:41.200,50.1034294,-5.4134628,-3.65,0.95,23.06
2017-09-14,16:17:46.200,50.1034621,-5.4134043,-3.65,0.86,21.11
2017-09-14,16:17:51.200,50.1034930,-5.4133495,-4.26,0.74,83.78
2017-09-14,16:17:56.200,50.1035083,-5.4132844,-4.57,0.90,37.72
2017-09-14,16:18:01.200,50.1035286,-5.4132459,-4.57,0.45,49.72
2017-09-14,16:18:06.200,50.1035614,-5.4132302,-4.57,1.19,11.42
2017-09-14,16:18:11.200,50.1035988,-5.4132239,-4.26,0.54,1.05
2017-09-14,16:18:16.200,50.1036323,-5.4132443,-3.65,0.86,6.96
2017-09-14,16:18:21.200,50.1036641,-5.4132654,-3.04,0.58,356.50
2017-09-14,16:18:26.200,50.1037054,-5.4132743,-3.35,0.82,21.30
2017-09-14,16:18:31.200,50.1037472,-5.4132791,-2.43,0.80,356.41
2017-09-14,16:18:36.200,50.1037894,-5.4132778,-1.82,1.00,359.56
2017-09-14,16:18:41.200,50.1038160,-5.4132655,-1.21,1.00,18.43
2017-09-14,16:18:54.800,50.1038150,-5.4132602,-0.30,0.42,123.48
2017-09-14,16:18:59.800,50.1038040,-5.4131922,-0.60,0.59,105.17
2017-09-14,16:19:13.600,50.1037993,-5.4131223,-0.60,0.59,118.04
2017-09-14,16:19:18.600,50.1038132,-5.4130532,-0.91,1.27,76.52
2017-09-14,16:19:23.600,50.1038243,-5.4129660,-0.91,1.12,83.35
2017-09-14,16:19:28.600,50.1038406,-5.4128832,-0.91,1.26,72.86
2017-09-14,16:19:33.600,50.1038577,-5.4128037,-1.21,1.28,59.79
2017-09-14,16:19:38.600,50.1038897,-5.4127342,-1.21,1.59,44.90
2017-09-14,16:19:43.600,50.1039184,-5.4126705,-0.91,2.08,83.88
2017-09-14,16:19:48.600,50.1039432,-5.4125938,-1.21,1.40,80.98
2017-09-14,16:19:53.600,50.1039605,-5.4125072,-1.52,1.59,101.80
2017-09-14,16:19:58.600,50.1039769,-5.4124153,-1.52,0.64,50.44
2017-09-14,16:20:03.600,50.1040006,-5.4123380,-1.21,1.27,64.20
2017-09-14,16:20:08.800,50.1040277,-5.4122685,-1.52,1.44,52.14
2017-09-14,16:20:13.800,50.1040489,-5.4122174,-1.21,1.27,44.76
2017-09-14,16:20:18.800,50.1040782,-5.4121684,-1.21,0.46,56.14
2017-09-14,16:20:29.600,50.1041081,-5.4121440,-0.60,0.89,41.93
2017-09-14,16:20:35.000,50.1041393,-5.4120798,-1.52,0.60,30.75
2017-09-14,16:20:56.200,50.1041689,-5.4120475,-0.60,0.52,73.59
2017-09-14,16:21:01.200,50.1041707,-5.4119665,-0.30,1.18,102.18
2017-09-14,16:21:06.200,50.1041699,-5.4118879,-0.30,1.87,86.74
2017-09-14,16:21:11.600,50.1041726,-5.4118181,-0.30,1.31,79.47
2017-09-14,16:21:16.800,50.1041802,-5.4117360,-0.60,0.75,83.27
2017-09-14,16:21:21.800,50.1041758,-5.4116550,-0.60,1.21,92.71
2017-09-14,16:21:26.800,50.1041889,-5.4115779,-0.30,0.85,87.26
2017-09-14,16:21:31.800,50.1042014,-5.4114973,0.00,1.56,79.47
2017-09-14,16:21:36.800,50.1042051,-5.4114091,0.00,2.19,79.40
2017-09-14,16:21:42.200,50.1042119,-5.4113327,-0.60,0.44,74.95
2017-09-14,16:21:54.000,50.1042046,-5.4112682,-1.21,0.83,66.30
2017-09-14,16:21:59.000,50.1042018,-5.4111775,-1.82,1.40,88.08
2017-09-14,16:22:04.000,50.1041976,-5.4110868,-2.13,1.11,100.88
2017-09-14,16:22:09.000,50.1041977,-5.4109947,-2.43,1.20,81.79
2017-09-14,16:22:14.000,50.1041971,-5.4109046,-1.82,1.27,86.68
2017-09-14,16:22:19.000,50.1041952,-5.4108176,-1.52,1.47,93.69
2017-09-14,16:22:24.000,50.1042030,-5.4107252,-0.91,0.62,69.69
2017-09-14,16:22:29.800,50.1041900,-5.4106436,-0.60,1.04,96.26
2017-09-14,16:22:35.000,50.1041862,-5.4105621,0.00,0.33,93.70
2017-09-14,16:22:40.000,50.1041785,-5.4104782,0.30,0.58,83.97
2017-09-14,16:22:45.200,50.1041734,-5.4103728,0.91,1.12,70.80
2017-09-14,16:22:50.600,50.1041683,-5.4102746,1.21,0.57,106.55
2017-09-14,16:22:55.600,50.1041736,-5.4101817,1.52,0.81,73.98
2017-09-14,16:23:01.000,50.1041895,-5.4100944,1.21,1.71,76.23
2017-09-14,16:23:06.200,50.1042017,-5.4100253,1.52,0.97,86.29
2017-09-14,16:23:25.200,50.1042083,-5.4099459,1.52,1.23,121.81
2017-09-14,16:23:30.200,50.1041901,-5.4098640,2.13,2.10,113.81
2017-09-14,16:23:35.200,50.1041576,-5.4097830,2.74,1.47,110.67
2017-09-14,16:23:40.200,50.1041114,-5.4097320,3.04,1.47,147.60
2017-09-14,16:23:45.200,50.1040663,-5.4096754,3.04,1.29,121.54
2017-09-14,16:23:50.200,50.1040573,-5.4095980,3.35,1.11,72.97
2017-09-14,16:23:55.200,50.1040795,-5.4095274,3.65,1.35,71.27
2017-09-14,16:24:00.200,50.1041017,-5.4094469,4.26,1.04,63.90
2017-09-14,16:24:05.200,50.1041245,-5.4093800,4.57,1.03,74.33
2017-09-14,16:24:10.200,50.1041401,-5.4093126,4.57,1.06,35.56
2017-09-14,16:24:15.200,50.1041520,-5.4092296,3.96,0.89,71.61
2017-09-14,16:24:20.200,50.1041599,-5.4091650,4.26,0.79,87.34
2017-09-14,16:24:25.200,50.1041434,-5.4091125,4.57,0.74,156.16
2017-09-14,16:24:32.000,50.1041275,-5.4090958,4.57,1.16,136.08
2017-09-14,16:24:37.000,50.1040974,-5.4091092,4.87,0.90,245.06
2017-09-14,16:24:43.000,50.1040952,-5.4090707,4.87,1.01,92.67
2017-09-14,16:24:48.000,50.1041001,-5.4090008,4.26,0.68,43.61
2017-09-14,16:24:53.000,50.1041207,-5.4089479,3.96,0.86,79.18
2017-09-14,16:24:58.000,50.1041361,-5.4088905,3.65,1.40,79.95
2017-09-14,16:25:03.000,50.1041394,-5.4088168,3.65,0.74,92.22
2017-09-14,16:25:08.000,50.1041483,-5.4087537,3.65,0.65,98.12
2017-09-14,16:25:13.000,50.1041526,-5.4086878,3.35,0.78,80.48
2017-09-14,16:25:23.400,50.1041610,-5.4086408,3.96,0.72,0.71
2017-09-14,16:25:48.600,50.1041455,-5.4086079,4.57,1.31,111.65
2017-09-14,16:25:53.800,50.1041297,-5.4085252,3.96,0.75,112.38
2017-09-14,16:25:58.800,50.1041118,-5.4084546,3.96,1.26,113.37
2017-09-14,16:26:03.800,50.1040957,-5.4083731,3.35,1.27,106.68
2017-09-14,16:26:08.800,50.1040767,-5.4082952,2.74,1.26,111.30
2017-09-14,16:26:13.800,50.1040525,-5.4082208,2.13,1.11,126.22
2017-09-14,16:26:18.800,50.1040245,-5.4081467,2.43,1.28,124.61
2017-09-14,16:26:23.800,50.1040018,-5.4080674,2.43,1.23,100.59
2017-09-14,16:26:28.800,50.1039980,-5.4079957,2.43,1.04,99.35
2017-09-14,16:26:33.800,50.1039889,-5.4079128,2.43,0.97,117.68
2017-09-14,16:26:38.800,50.1039770,-5.4078404,3.04,0.95,76.76
2017-09-14,16:26:43.800,50.1039714,-5.4077687,3.65,1.17,94.85
2017-09-14,16:26:48.800,50.1039757,-5.4076975,3.65,0.79,73.42
2017-09-14,16:26:53.800,50.1039889,-5.4076347,3.35,0.91,61.83
2017-09-14,16:26:58.800,50.1040240,-5.4076249,3.65,0.76,5.18
2017-09-14,16:27:21.600,50.1040376,-5.4076550,4.87,0.45,325.33
2017-09-14,16:27:42.600,50.1040151,-5.4076487,6.09,0.39,156.12
2017-09-14,16:27:57.800,50.1039740,-5.4076131,6.70,1.84,135.58
2017-09-14,16:28:02.800,50.1039229,-5.4075397,6.70,1.43,136.66
2017-09-14,16:28:07.800,50.1038824,-5.4074642,6.70,0.66,108.70
2017-09-14,16:28:12.800,50.1038678,-5.4073907,6.09,0.65,87.46
2017-09-14,16:28:23.800,50.1038661,-5.4074335,5.79,0.82,258.33
2017-09-14,16:28:39.800,50.1038574,-5.4074723,6.40,0.97,334.94
2017-09-14,16:28:46.200,50.1038702,-5.4075553,7.01,0.81,270.35
2017-09-14,16:28:51.200,50.1038968,-5.4076584,7.31,2.02,290.20
2017-09-14,16:28:56.200,50.1039133,-5.4077513,8.22,1.29,283.37
2017-09-14,16:29:01.200,50.1039252,-5.4078493,8.83,2.05,284.02
2017-09-14,16:29:06.200,50.1039355,-5.4079443,9.75,1.06,288.67
2017-09-14,16:29:11.200,50.1039424,-5.4080424,10.05,2.23,264.87
2017-09-14,16:29:16.200,50.1039462,-5.4081484,10.36,0.90,259.45
2017-09-14,16:29:21.200,50.1039508,-5.4082570,10.97,1.83,271.82
2017-09-14,16:29:26.200,50.1039581,-5.4083556,11.27,1.51,275.80
2017-09-14,16:29:31.200,50.1039673,-5.4084480,10.97,1.04,277.26
2017-09-14,16:29:36.200,50.1039788,-5.4085419,11.27,1.25,280.95
2017-09-14,16:29:41.200,50.1039819,-5.4086390,10.97,1.36,271.33
2017-09-14,16:29:46.200,50.1039892,-5.4087339,10.97,1.73,278.79
2017-09-14,16:29:51.200,50.1039891,-5.4088276,10.66,1.49,269.42
2017-09-14,16:29:56.200,50.1039877,-5.4089198,10.05,1.02,259.37
2017-09-14,16:30:01.200,50.1039840,-5.4090093,10.36,1.44,282.36
2017-09-14,16:30:06.200,50.1039874,-5.4091006,10.66,1.26,287.88
2017-09-14,16:30:11.200,50.1039961,-5.4091923,10.97,0.91,256.70
2017-09-14,16:30:16.200,50.1040014,-5.4092860,11.27,1.54,287.87
2017-09-14,16:30:21.200,50.1040076,-5.4093923,11.58,1.17,273.60
2017-09-14,16:30:26.200,50.1040124,-5.4094914,11.88,1.74,286.83
2017-09-14,16:30:31.200,50.1040152,-5.4095871,12.49,1.59,281.24
2017-09-14,16:30:36.200,50.1040272,-5.4096702,12.80,1.04,286.45
2017-09-14,16:30:41.200,50.1040400,-5.4097575,13.10,0.94,276.52
2017-09-14,16:30:46.200,50.1040465,-5.4098391,13.41,1.39,271.32
2017-09-14,16:30:51.200,50.1040511,-5.4099305,14.02,1.47,267.37
2017-09-14,16:30:56.200,50.1040446,-5.4100221,14.32,1.21,250.12
2017-09-14,16:31:01.200,50.1040416,-5.4101137,14.93,1.07,261.25
2017-09-14,16:31:06.200,50.1040333,-5.4102088,15.24,1.74,274.35
2017-09-14,16:31:11.200,50.1040221,-5.4103029,15.54,1.72,259.20
2017-09-14,16:31:16.200,50.1040141,-5.4103928,15.84,1.00,248.73
2017-09-14,16:31:21.200,50.1040023,-5.4104869,16.45,1.13,260.66
2017-09-14,16:31:26.200,50.1039877,-5.4105773,17.06,1.08,254.38
2017-09-14,16:31:31.200,50.1039804,-5.4106741,17.06,1.57,266.88
2017-09-14,16:31:36.200,50.1039686,-5.4107695,17.37,1.63,258.57
2017-09-14,16:31:41.200,50.1039538,-5.4108635,17.67,1.48,256.58
2017-09-14,16:31:46.200,50.1039433,-5.4109580,17.67,1.36,262.54
2017-09-14,16:31:51.200,50.1039348,-5.4110479,17.67,1.18,254.40
2017-09-14,16:31:56.200,50.1039274,-5.4111455,17.67,1.24,260.79
2017-09-14,16:32:01.200,50.1039157,-5.4112374,17.37,1.01,256.75
2017-09-14,16:32:06.200,50.1039062,-5.4113293,17.37,1.82,270.89
2017-09-14,16:32:11.200,50.1038979,-5.4114239,16.76,1.54,262.51
2017-09-14,16:32:16.200,50.1038936,-5.4115203,16.76,1.03,265.25
2017-09-14,16:32:21.200,50.1038933,-5.4116089,17.06,1.18,266.16
2017-09-14,16:32:26.200,50.1038959,-5.4116863,16.45,1.50,268.02
2017-09-14,16:32:31.200,50.1039008,-5.4117667,14.63,1.44,266.54
2017-09-14,16:32:36.200,50.1039004,-5.4118596,13.10,1.34,264.47
2017-09-14,16:32:41.200,50.1038977,-5.4119475,12.19,1.01,244.80
2017-09-14,16:32:46.200,50.1038892,-5.4120392,11.58,1.38,260.66
2017-09-14,16:32:51.200,50.1038766,-5.4121298,10.36,1.55,260.20
2017-09-14,16:32:56.200,50.1038704,-5.4122188,9.75,0.90,254.19
2017-09-14,16:33:01.200,50.1038576,-5.4123088,9.44,1.56,268.16
2017-09-14,16:33:06.200,50.1038510,-5.4124022,9.14,1.18,259.36
2017-09-14,16:33:11.200,50.1038388,-5.4124888,10.05,1.57,263.87
2017-09-14,16:33:16.200,50.1038267,-5.4125767,10.05,0.85,243.82
2017-09-14,16:33:21.200,50.1038101,-5.4126660,10.05,1.65,265.61
2017-09-14,16:33:26.200,50.1037907,-5.4127598,9.75,0.89,250.67
2017-09-14,16:33:31.200,50.1037726,-5.4128461,9.44,1.51,250.72
2017-09-14,16:33:36.200,50.1037662,-5.4129330,10.05,1.14,258.31
2017-09-14,16:33:41.200,50.1037636,-5.4130180,10.05,0.97,272.14
2017-09-14,16:33:46.200,50.1037558,-5.4131062,9.75,0.99,257.60
2017-09-14,16:33:51.200,50.1037606,-5.4132008,9.44,0.57,281.74
2017-09-14,16:33:58.600,50.1037946,-5.4132530,8.53,0.38,59.94
2017-09-14,16:34:10.000,50.1037467,-5.4132662,8.22,1.38,182.17
2017-09-14,16:34:15.000,50.1037075,-5.4132810,6.70,1.32,203.06
2017-09-14,16:34:20.000,50.1036607,-5.4132798,6.09,1.07,176.50
2017-09-14,16:34:25.000,50.1036178,-5.4132732,4.57,0.66,169.71
2017-09-14,16:34:30.000,50.1035628,-5.4132719,3.65,1.94,194.61
2017-09-14,16:34:35.000,50.1035132,-5.4132771,3.04,0.74,183.95
2017-09-14,16:34:40.200,50.1034717,-5.4133230,2.43,0.72,254.05
2017-09-14,16:34:45.600,50.1034471,-5.4133843,2.13,1.00,238.88
2017-09-14,16:34:50.600,50.1034187,-5.4134415,2.13,0.91,214.72
2017-09-14,16:34:55.600,50.1033915,-5.4134577,1.82,0.59,231.50
2017-09-14,16:35:02.200,50.1033684,-5.4134933,1.52,0.28,224.68
2017-09-14,16:35:08.000,50.1033440,-5.4135275,1.52,0.51,248.85
2017-09-14,16:35:20.400,50.1033313,-5.4135814,1.21,0.93,302.35
2017-09-14,16:35:25.400,50.1033237,-5.4136677,-0.91,0.88,252.82
2017-09-14,16:35:30.800,50.1033216,-5.4137014,1.21,0.41,251.24
2017-09-14,16:35:36.200,50.1033015,-5.4137191,2.43,1.09,211.34
2017-09-14,16:35:41.200,50.1032839,-5.4137381,2.74,0.65,287.20
2017-09-14,16:35:46.200,50.1032576,-5.4137884,2.74,0.73,214.98
2017-09-14,16:35:51.400,50.1032301,-5.4138286,2.43,0.80,216.02
2017-09-14,16:35:56.800,50.1032055,-5.4138339,1.82,0.61,138.87
2017-09-14,16:36:01.800,50.1031745,-5.4138299,1.52,1.35,211.54
2017-09-14,16:36:07.400,50.1031439,-5.4138517,1.21,0.46,137.72
2017-09-14,16:36:12.400,50.1031067,-5.4138478,0.91,0.99,189.83
2017-09-14,16:36:20.600,50.1030806,-5.4138593,0.60,1.02,147.09
2017-09-14,16:36:27.400,50.1030380,-5.4138694,0.00,1.06,248.02
2017-09-14,16:36:32.800,50.1030016,-5.4138979,0.00,1.05,213.53
2017-09-14,16:36:44.000,50.1029597,-5.4139338,0.00,1.35,226.14
2017-09-14,16:36:49.200,50.1029319,-5.4139806,-0.30,0.54,247.76
2017-09-14,16:37:33.600,50.1029069,-5.4140264,0.00,1.20,237.54
2017-09-14,16:37:47.600,50.1028819,-5.4140641,0.00,0.28,273.37
2017-09-14,16:38:04.600,50.1028685,-5.4141255,0.00,0.45,264.07
2017-09-14,16:38:16.200,50.1028472,-5.4141508,0.00,0.32,180.89
2017-09-14,16:38:21.200,50.1028235,-5.4141714,0.00,0.35,204.67
2017-09-14,16:38:29.800,50.1027901,-5.4141900,0.00,0.72,219.25
2017-09-14,16:38:34.800,50.1027623,-5.4142309,0.00,0.63,211.03
2017-09-14,16:38:41.200,50.1027218,-5.4142258,0.00,0.65,210.49
2017-09-14,16:38:49.200,50.1026899,-5.4142632,-0.30,0.42,191.79
2017-09-14,16:38:59.000,50.1026661,-5.4143138,0.00,0.48,223.92
2017-09-14,16:39:04.000,50.1026395,-5.4143516,0.00,1.01,211.84
2017-09-14,16:39:17.600,50.1026179,-5.4143964,0.00,1.62,262.50
2017-09-14,16:39:22.600,50.1026019,-5.4144638,0.60,0.66,254.32
2017-09-14,16:39:27.600,50.1025752,-5.4144970,0.60,1.41,200.03
2017-09-14,16:39:32.600,50.1025424,-5.4145306,0.60,1.06,192.76
2017-09-14,16:39:37.600,50.1025181,-5.4145797,0.30,0.47,260.14
2017-09-14,16:39:42.600,50.1025030,-5.4146343,0.30,0.75,250.82
2017-09-14,16:39:47.600,50.1024768,-5.4146781,0.60,1.13,212.81
2017-09-14,16:39:52.600,50.1024506,-5.4147099,0.60,0.50,265.52
2017-09-14,16:39:58.000,50.1024219,-5.4147620,0.60,0.70,179.35
2017-09-14,16:40:03.000,50.1023907,-5.4148212,0.60,0.39,180.23
2017-09-14,16:40:10.000,50.1023758,-5.4148671,0.30,1.24,278.64
2017-09-14,16:40:15.400,50.1023593,-5.4149224,0.30,0.40,243.75
2017-09-14,16:40:25.200,50.1023600,-5.4149755,1.21,0.82,313.16
2017-09-14,16:40:41.200,50.1023388,-5.4150132,1.52,0.54,214.28
2017-09-14,16:40:49.400,50.1023115,-5.4150592,1.52,1.31,225.81
2017-09-14,16:40:55.600,50.1022967,-5.4150984,1.52,0.35,174.59
2017-09-14,16:41:09.200,50.1022978,-5.4151260,0.60,0.28,342.77
2017-09-14,16:42:53.000,50.1023329,-5.4150792,-2.43,1.12,139.65
2017-09-14,16:43:30.600,50.1023326,-5.4151090,-1.21,0.53,283.97
2017-09-14,16:43:37.000,50.1023425,-5.4151618,-1.21,0.44,300.18
2017-09-14,16:43:57.600,50.1023506,-5.4152100,-0.91,0.47,283.11
2017-09-14,16:44:02.600,50.1023512,-5.4152610,-0.91,0.81,260.33
2017-09-14,16:44:07.600,50.1023283,-5.4153147,-0.91,0.77,263.97
2017-09-14,16:44:12.600,50.1023188,-5.4153894,-0.91,0.89,247.82
2017-09-14,16:44:17.600,50.1022889,-5.4154350,-1.21,1.11,224.08
2017-09-14,16:44:22.600,50.1022653,-5.4154862,-1.52,1.28,240.68
2017-09-14,16:44:27.600,50.1022471,-5.4155493,-1.52,1.08,250.27
2017-09-14,16:44:32.600,50.1022270,-5.4156010,-0.60,0.38,233.92
2017-09-14,16:44:37.800,50.1022072,-5.4156395,0.30,0.45,276.58
2017-09-14,16:44:44.800,50.1021934,-5.4156937,1.52,0.44,295.06
2017-09-14,16:44:50.200,50.1021898,-5.4157341,2.13,0.39,247.18
2017-09-14,16:44:55.200,50.1021855,-5.4157733,2.74,0.97,291.16
2017-09-14,16:45:00.200,50.1021895,-5.4158263,3.04,0.76,285.06
2017-09-14,16:45:05.200,50.1022153,-5.4158870,3.65,1.04,309.08
2017-09-14,16:45:10.200,50.1022320,-5.4159287,4.26,0.73,306.11
2017-09-14,16:45:15.200,50.1022640,-5.4159739,4.87,0.79,341.75
2017-09-14,16:45:20.200,50.1023015,-5.4160052,5.79,0.70,332.76
2017-09-14,16:45:25.200,50.1023297,-5.4160466,6.70,0.66,314.95
2017-09-14,16:45:32.200,50.1023158,-5.4160380,7.01,0.62,193.82
2017-09-14,16:45:37.200,50.1022961,-5.4160499,7.31,0.72,193.89
2017-09-14,16:45:42.200,50.1022539,-5.4160560,7.31,1.02,181.21
2017-09-14,16:45:47.200,50.1022124,-5.4160265,7.62,0.93,161.16
2017-09-14,16:45:52.200,50.1021831,-5.4160054,7.92,0.71,157.10
2017-09-14,16:45:57.200,50.1021360,-5.4159538,8.83,1.05,148.88
2017-09-14,16:46:02.200,50.1020904,-5.4159320,9.75,0.92,165.68
2017-09-14,16:46:07.200,50.1020330,-5.4158964,10.97,1.13,162.37
2017-09-14,16:46:12.200,50.1019820,-5.4158678,11.88,0.68,150.29
2017-09-14,16:46:17.200,50.1019263,-5.4158252,13.10,1.16,172.56
2017-09-14,16:46:22.200,50.1018758,-5.4158099,14.32,1.04,174.85
2017-09-14,16:46:27.200,50.1017930,-5.4158378,15.24,0.52,183.98
2017-09-14,16:46:32.200,50.1017216,-5.4158480,15.24,0.86,187.44
2017-09-14,16:46:37.200,50.1016586,-5.4158681,15.54,1.49,188.71
2017-09-14,16:46:42.200,50.1015823,-5.4158738,15.54,1.11,183.66
2017-09-14,16:46:47.200,50.1015205,-5.4158950,14.93,1.37,186.18
2017-09-14,16:46:52.200,50.1014797,-5.4159096,15.84,0.69,194.38
2017-09-14,16:46:57.200,50.1014327,-5.4159220,16.45,0.52,171.57
2017-09-14,16:47:02.200,50.1013469,-5.4159321,15.24,0.46,262.29
2017-09-14,16:47:07.200,50.1012537,-5.4159096,13.10,1.28,191.46
2017-09-14,16:47:12.200,50.1011778,-5.4158827,13.10,0.93,188.60
2017-09-14,16:47:17.200,50.1011155,-5.4158995,12.80,1.29,211.99
2017-09-14,16:47:22.200,50.1010807,-5.4159285,12.80,0.86,201.89
2017-09-14,16:47:27.200,50.1010331,-5.4159439,12.49,0.76,192.17
2017-09-14,16:47:32.200,50.1009856,-5.4159654,13.10,0.73,208.09
2017-09-14,16:47:37.200,50.1009378,-5.4159612,13.10,0.90,190.32
2017-09-14,16:47:42.200,50.1008692,-5.4159541,13.10,1.08,184.51
2017-09-14,16:47:47.200,50.1007829,-5.4159578,13.10,1.20,188.96
2017-09-14,16:47:52.200,50.1007193,-5.4160058,13.71,1.38,223.90
2017-09-14,16:47:57.200,50.1007163,-5.4161169,14.93,1.13,285.35
2017-09-14,16:48:02.200,50.1007266,-5.4161818,14.63,0.86,317.58
2017-09-14,16:48:07.200,50.1007309,-5.4162187,14.32,0.40,294.80
2017-09-14,16:48:12.200,50.1007384,-5.4162552,14.32,0.84,292.73
2017-09-14,16:50:07.400,50.1007276,-5.4162588,15.24,0.84,125.12
2017-09-14,16:50:12.400,50.1007076,-5.4161925,14.93,1.24,135.61
2017-09-14,16:50:17.400,50.1006886,-5.4161036,14.63,1.65,87.69
2017-09-14,16:50:22.400,50.1006983,-5.4160146,13.71,1.06,67.70
2017-09-14,16:50:27.400,50.1007302,-5.4159670,12.80,0.91,19.68
2017-09-14,16:50:32.400,50.1007632,-5.4159526,12.19,0.94,14.94
2017-09-14,16:50:37.400,50.1007944,-5.4159362,11.27,0.77,30.82
2017-09-14,16:50:42.400,50.1008328,-5.4159232,10.36,0.88,26.80
2017-09-14,16:50:47.400,50.1008643,-5.4159134,9.75,0.58,16.04
2017-09-14,16:50:52.400,50.1008964,-5.4159027,9.14,0.67,21.60
2017-09-14,16:50:57.400,50.1009331,-5.4158930,7.92,0.55,10.56
2017-09-14,16:51:02.400,50.1009749,-5.4158843,6.70,0.62,36.31
2017-09-14,16:51:07.400,50.1010285,-5.4158883,5.18,0.98,11.90
2017-09-14,16:51:12.400,50.1010936,-5.4158767,4.26,1.46,356.31
2017-09-14,16:51:17.400,50.1011543,-5.4158720,4.26,0.64,331.44
2017-09-14,16:51:22.600,50.1012243,-5.4158900,5.48,0.66,355.63
2017-09-14,16:51:27.600,50.1012821,-5.4158707,5.48,0.85,350.76
2017-09-14,16:51:32.600,50.1013423,-5.4158580,6.40,1.13,9.63
2017-09-14,16:51:37.600,50.1013886,-5.4158466,6.40,0.88,13.85
2017-09-14,16:51:42.600,50.1014185,-5.4158527,6.40,0.61,351.70
2017-09-14,16:51:47.600,50.1014496,-5.4158648,5.48,0.63,3.21
2017-09-14,16:51:52.600,50.1014886,-5.4158727,4.26,0.72,0.46
2017-09-14,16:51:57.600,50.1015636,-5.4158854,2.74,0.81,26.30
2017-09-14,16:52:02.600,50.1016047,-5.4158655,2.13,0.87,6.31
2017-09-14,16:52:07.600,50.1016394,-5.4158446,2.74,0.44,45.79
2017-09-14,16:52:39.000,50.1017001,-5.4158736,2.43,0.42,350.03
2017-09-14,16:52:44.000,50.1017614,-5.4159008,2.43,0.83,331.28
2017-09-14,16:52:49.000,50.1018152,-5.4159339,2.13,0.83,341.79
2017-09-14,16:52:54.000,50.1018705,-5.4159585,2.43,0.95,344.07
2017-09-14,16:52:59.000,50.1019188,-5.4159912,3.35,0.96,342.25
2017-09-14,16:53:04.000,50.1019456,-5.4160005,3.65,0.50,7.78
2017-09-14,16:53:09.000,50.1020021,-5.4160236,4.57,0.84,347.97
2017-09-14,16:53:14.000,50.1020797,-5.4160651,5.79,0.96,330.46
2017-09-14,16:53:19.200,50.1021497,-5.4160967,6.09,1.10,344.36
2017-09-14,16:53:24.200,50.1022037,-5.4160717,6.09,0.53,37.97
2017-09-14,16:53:29.200,50.1022546,-5.4160443,5.18,1.21,41.56
2017-09-14,16:53:34.200,50.1023157,-5.4160334,5.18,0.65,358.38
2017-09-14,16:53:39.200,50.1023753,-5.4159934,5.48,0.99,11.59
2017-09-14,16:53:44.200,50.1024202,-5.4159345,6.09,1.10,41.01
2017-09-14,16:53:49.200,50.1024762,-5.4158797,5.79,1.28,40.19
2017-09-14,16:53:54.200,50.1025253,-5.4158222,6.70,1.52,63.64
2017-09-14,16:53:59.200,50.1025381,-5.4157482,7.92,0.71,90.70
2017-09-14,16:54:04.200,50.1025540,-5.4156762,9.44,0.87,65.81
2017-09-14,16:54:09.200,50.1025747,-5.4156055,10.05,0.88,50.41
2017-09-14,16:54:14.200,50.1025954,-5.4155350,10.66,0.94,78.03
2017-09-14,16:54:19.200,50.1026150,-5.4154758,11.58,0.97,63.67
2017-09-14,16:54:24.200,50.1026352,-5.4154082,12.49,0.69,63.74
2017-09-14,16:54:29.200,50.1026536,-5.4153301,13.41,0.99,80.08
2017-09-14,16:54:34.200,50.1026744,-5.4152647,14.02,1.00,43.49
2017-09-14,16:54:39.200,50.1027009,-5.4151973,14.63,0.86,67.15
2017-09-14,16:54:44.200,50.1027370,-5.4151293,15.24,1.34,56.16
2017-09-14,16:54:49.200,50.1027722,-5.4150576,14.93,1.00,35.59
2017-09-14,16:54:54.200,50.1028003,-5.4149821,14.93,1.39,51.69
2017-09-14,16:54:59.200,50.1028367,-5.4149294,14.63,1.06,44.88
2017-09-14,16:55:04.200,50.1028682,-5.4148564,14.02,1.35,46.58
2017-09-14,16:55:09.200,50.1028984,-5.4147812,13.10,1.04,46.32
2017-09-14,16:55:14.600,50.1029326,-5.4147071,12.49,0.32,91.16
2017-09-14,16:55:19.600,50.1029698,-5.4146307,12.19,1.05,57.45
2017-09-14,16:55:24.600,50.1030067,-5.4145592,12.19,1.10,54.72
2017-09-14,16:55:29.600,50.1030561,-5.4144934,12.19,1.09,29.78
2017-09-14,16:55:34.600,50.1030876,-5.4144241,11.27,1.00,53.09
2017-09-14,16:55:39.600,50.1031199,-5.4143497,10.97,1.03,54.78
2017-09-14,16:55:44.600,50.1031522,-5.4143113,10.97,0.93,48.81
2017-09-14,16:55:49.600,50.1031642,-5.4142497,10.97,1.02,79.72
2017-09-14,16:55:54.600,50.1031954,-5.4141950,10.66,1.40,30.37
2017-09-14,16:55:59.600,50.1032403,-5.4141454,10.05,0.76,39.79
2017-09-14,16:56:04.600,50.1032810,-5.4140993,9.44,1.11,25.92
2017-09-14,16:56:09.600,50.1033176,-5.4140789,8.83,0.77,9.23
2017-09-14,16:56:14.600,50.1033643,-5.4140609,7.62,0.91,12.91
2017-09-14,16:56:19.600,50.1034128,-5.4140221,6.70,0.72,39.19
2017-09-14,16:56:24.600,50.1034433,-5.4139759,6.09,0.79,39.72
2017-09-14,16:56:29.600,50.1034777,-5.4139169,5.48,1.10,57.69
2017-09-14,16:56:34.600,50.1035116,-5.4138577,4.87,1.22,45.17
2017-09-14,16:56:39.600,50.1035578,-5.4138331,5.48,0.92,22.93
2017-09-14,16:56:48.000,50.1035852,-5.4137998,5.79,0.63,52.60
2017-09-14,16:56:53.000,50.1036125,-5.4137471,6.09,0.84,64.03
2017-09-14,16:56:58.000,50.1036828,-5.4137076,6.70,1.28,28.35
2017-09-14,16:57:03.000,50.1037443,-5.4136643,7.92,1.17,54.09
2017-09-14,16:57:08.000,50.1037957,-5.4136166,8.83,1.23,42.73
2017-09-14,16:57:13.200,50.1038438,-5.4135571,9.75,1.34,34.99
2017-09-14,16:57:18.200,50.1038903,-5.4135267,10.66,1.24,31.70
2017-09-14,16:57:23.200,50.1039401,-5.4135025,11.88,0.58,12.15
2017-09-14,16:57:28.200,50.1039779,-5.4134597,13.41,0.96,52.73
2017-09-14,16:57:33.200,50.1039690,-5.4133894,14.63,1.00,102.45
2017-09-14,16:57:38.200,50.1039897,-5.4133212,15.54,0.72,9.58
2017-09-14,16:57:43.200,50.1040258,-5.4132535,16.45,0.59,27.42
2017-09-14,16:57:48.200,50.1040605,-5.4131812,16.76,0.70,42.48
2017-09-14,16:57:53.200,50.1041064,-5.4131246,17.37,0.71,36.64
2017-09-14,16:57:58.200,50.1041505,-5.4130714,17.67,0.86,17.98
2017-09-14,16:58:03.200,50.1042003,-5.4130228,18.59,1.28,32.25
2017-09-14,16:58:08.200,50.1042396,-5.4129592,19.50,1.17,39.43
2017-09-14,16:58:13.200,50.1042743,-5.4129005,20.72,1.32,40.34
2017-09-14,16:58:18.200,50.1043088,-5.4128631,21.94,1.37,59.95
2017-09-14,16:58:23.200,50.1043305,-5.4127956,23.16,0.71,60.26
2017-09-14,16:58:28.200,50.1043658,-5.4127419,24.07,1.00,36.95
2017-09-14,16:58:33.200,50.1043807,-5.4126665,24.68,0.82,82.08
2017-09-14,16:58:38.200,50.1043792,-5.4125865,24.68,0.91,107.79
2017-09-14,16:58:43.200,50.1043790,-5.4125015,24.68,1.42,76.59
2017-09-14,16:58:48.400,50.1043784,-5.4124265,24.07,0.54,134.80
2017-09-14,16:58:53.800,50.1043762,-5.4123421,23.46,1.57,61.45
2017-09-14,16:58:59.000,50.1043794,-5.4122703,22.86,1.45,107.92
2017-09-14,16:59:04.000,50.1043824,-5.4121775,22.25,0.41,82.53
2017-09-14,16:59:09.000,50.1044033,-5.4120974,21.64,0.60,43.41
2017-09-14,16:59:14.000,50.1044185,-5.4120154,20.72,1.55,89.13
2017-09-14,16:59:19.000,50.1044240,-5.4119252,19.81,1.24,95.76
2017-09-14,16:59:24.000,50.1044200,-5.4118378,18.89,0.81,102.19
2017-09-14,16:59:29.000,50.1044473,-5.4117563,18.59,2.12,79.48
2017-09-14,16:59:34.000,50.1044527,-5.4116686,18.28,1.26,86.85
2017-09-14,16:59:39.000,50.1044646,-5.4115818,17.67,0.57,100.29
2017-09-14,16:59:44.000,50.1044682,-5.4114978,17.37,0.60,82.78
2017-09-14,16:59:49.000,50.1044784,-5.4114138,17.06,1.09,85.83
2017-09-14,16:59:54.200,50.1044876,-5.4113262,16.45,0.57,91.45
2017-09-14,17:00:06.200,50.1044952,-5.4112738,16.45,0.64,266.25
2017-09-14,17:00:32.200,50.1045246,-5.4112650,17.37,0.31,14.61
2017-09-14,17:00:37.600,50.1045586,-5.4112107,17.67,0.71,74.22
2017-09-14,17:00:42.600,50.1045719,-5.4111364,17.67,1.23,84.72
2017-09-14,17:00:47.600,50.1045974,-5.4110629,17.98,0.88,61.28
2017-09-14,17:00:52.600,50.1045926,-5.4109885,18.28,1.24,92.34
2017-09-14,17:00:57.800,50.1045970,-5.4109182,18.28,0.80,62.84
2017-09-14,17:01:02.800,50.1046122,-5.4108572,18.59,0.57,87.47
2017-09-14,17:01:07.800,50.1046440,-5.4108341,18.89,0.49,23.51
2017-09-14,17:01:12.800,50.1046835,-5.4108063,19.20,1.26,44.18
2017-09-14,17:01:17.800,50.1046921,-5.4107468,19.50,0.66,93.48
2017-09-14,17:01:22.800,50.1046818,-5.4106987,20.11,0.48,107.75
2017-09-14,17:01:28.200,50.1046681,-5.4106309,20.42,1.08,106.92
2017-09-14,17:01:33.200,50.1047089,-5.4105940,22.25,0.90,93.39
2017-09-14,17:01:38.200,50.1047078,-5.4105239,23.16,0.93,87.80
2017-09-14,17:01:43.200,50.1047040,-5.4104614,24.38,0.86,92.85
2017-09-14,17:01:48.200,50.1047036,-5.4104021,25.29,0.55,134.11
2017-09-14,17:01:53.200,50.1046730,-5.4103810,25.60,0.81,171.27
2017-09-14,17:01:58.400,50.1046483,-5.4103683,25.29,0.33,172.77
2017-09-14,17:02:03.400,50.1046276,-5.4103770,25.60,0.53,187.25
2017-09-14,17:02:08.400,50.1046057,-5.4103730,25.60,0.76,161.46
2017-09-14,17:02:13.400,50.1045716,-5.4103208,25.60,0.83,108.95
2017-09-14,17:02:18.400,50.1045427,-5.4102448,25.60,1.16,125.80
2017-09-14,17:02:23.400,50.1045196,-5.4101631,24.99,1.17,121.87
2017-09-14,17:02:28.400,50.1044853,-5.4100894,24.68,0.82,108.41
2017-09-14,17:02:33.400,50.1044672,-5.4099955,23.77,1.51,112.41
2017-09-14,17:02:38.400,50.1044503,-5.4099098,23.16,1.00,105.81
2017-09-14,17:02:43.400,50.1044304,-5.4098109,21.94,1.82,94.29
2017-09-14,17:02:48.400,50.1044304,-5.4097368,21.03,0.82,73.22
2017-09-14,17:02:53.400,50.1044254,-5.4096735,21.33,1.34,149.63
2017-09-14,17:02:58.400,50.1044025,-5.4096329,21.94,0.67,138.50
2017-09-14,17:03:03.400,50.1043905,-5.4095604,21.64,0.42,72.16
2017-09-14,17:03:08.400,50.1044210,-5.4094948,20.72,1.12,42.93
2017-09-14,17:03:13.400,50.1044498,-5.4094293,20.72,1.26,32.50
2017-09-14,17:03:18.400,50.1044667,-5.4093854,20.72,0.68,49.57
2017-09-14,17:03:23.400,50.1044835,-5.4093286,21.64,0.91,71.52
2017-09-14,17:03:28.400,50.1045007,-5.4092579,21.94,0.53,2.39
2017-09-14,17:03:33.400,50.1045350,-5.4092312,21.94,0.74,24.90
2017-09-14,17:03:38.400,50.1045594,-5.4092295,21.94,0.59,0.71
2017-09-14,17:03:43.400,50.1045954,-5.4092430,21.94,0.71,359.44
2017-09-14,17:03:48.400,50.1046129,-5.4092409,22.25,0.42,0.18
2017-09-14,17:03:53.400,50.1046351,-5.4092318,22.86,0.60,27.86
2017-09-14,17:03:58.400,50.1046615,-5.4091879,23.77,0.53,20.74
2017-09-14,17:04:03.400,50.1046995,-5.4091414,24.68,0.85,63.75
2017-09-14,17:04:08.400,50.1047444,-5.4091054,27.12,1.17,82.46
2017-09-14,17:04:13.400,50.1047958,-5.4090530,30.48,1.36,99.09
2017-09-14,17:04:18.400,50.1047802,-5.4089626,31.39,0.75,93.31
2017-09-14,17:04:23.400,50.1047541,-5.4088725,32.00,1.46,116.21
2017-09-14,17:04:28.400,50.1047311,-5.4088085,31.08,0.68,124.82
2017-09-14,17:04:33.400,50.1046939,-5.4087591,30.17,0.93,71.36
2017-09-14,17:04:38.400,50.1046727,-5.4086934,29.26,0.74,123.19
2017-09-14,17:04:43.400,50.1046498,-5.4086355,28.65,0.85,112.86
2017-09-14,17:04:48.600,50.1046240,-5.4086026,28.65,0.55,144.79
2017-09-14,17:04:53.800,50.1045925,-5.4085780,28.04,0.37,140.27
2017-09-14,17:04:58.800,50.1045528,-5.4085660,26.82,1.45,174.58
2017-09-14,17:05:03.800,50.1045154,-5.4085244,25.60,1.15,137.68
2017-09-14,17:05:08.800,50.1044894,-5.4084862,24.68,0.92,138.50
2017-09-14,17:05:13.800,50.1044669,-5.4084375,23.46,0.69,131.46
2017-09-14,17:05:18.800,50.1044424,-5.4083756,22.86,0.57,110.14
2017-09-14,17:05:23.800,50.1044226,-5.4083235,22.25,0.86,117.79
2017-09-14,17:05:28.800,50.1043953,-5.4082484,21.64,0.43,68.88
2017-09-14,17:05:33.800,50.1043795,-5.4081809,21.03,0.94,121.35
2017-09-14,17:05:38.800,50.1043712,-5.4081132,20.11,0.53,84.13
2017-09-14,17:05:43.800,50.1043455,-5.4080292,19.50,1.58,98.93
2017-09-14,17:05:48.800,50.1043307,-5.4079401,19.20,1.52,94.07
2017-09-14,17:05:53.800,50.1043241,-5.4078629,19.50,1.16,91.51
2017-09-14,17:05:58.800,50.1043144,-5.4077784,20.11,0.79,102.78
2017-09-14,17:06:03.800,50.1043030,-5.4076970,20.42,0.66,114.50
2017-09-14,17:06:08.800,50.1042859,-5.4076281,20.11,0.90,96.27
2017-09-14,17:06:13.800,50.1042836,-5.4075805,19.50,0.73,101.15
2017-09-14,17:06:18.800,50.1042784,-5.4075031,19.50,0.59,76.41
2017-09-14,17:06:23.800,50.1042920,-5.4074162,19.50,1.66,74.23
2017-09-14,17:06:28.800,50.1043012,-5.4073379,19.50,0.74,49.26
2017-09-14,17:06:33.800,50.1043125,-5.4072637,19.81,1.65,66.13
2017-09-14,17:06:38.800,50.1043194,-5.4071761,20.11,1.57,82.70
2017-09-14,17:06:44.200,50.1043253,-5.4070829,20.42,1.61,86.48
2017-09-14,17:06:49.200,50.1043272,-5.4070053,20.42,1.44,84.59
2017-09-14,17:06:54.200,50.1043300,-5.4069216,21.03,0.73,75.67
2017-09-14,17:06:59.200,50.1043311,-5.4068364,21.03,0.54,84.39
2017-09-14,17:07:04.200,50.1043315,-5.4067721,20.72,0.57,91.92
2017-09-14,17:07:09.200,50.1043109,-5.4067005,21.64,0.61,92.04
2017-09-14,17:07:29.000,50.1043004,-5.4066741,20.42,0.58,89.37
2017-09-14,17:07:34.000,50.1042953,-5.4065911,21.03,1.45,88.38
2017-09-14,17:07:39.000,50.1043104,-5.4065301,20.11,0.70,80.98
2017-09-14,17:07:44.000,50.1043245,-5.4064706,18.59,0.67,102.32
2017-09-14,17:07:49.000,50.1043328,-5.4064097,17.98,0.94,91.77
2017-09-14,17:07:54.000,50.1043298,-5.4063506,17.98,0.75,98.98
2017-09-14,17:07:59.000,50.1043257,-5.4062895,18.59,1.16,108.93
2017-09-14,17:08:04.000,50.1043279,-5.4062152,18.89,1.11,95.26
2017-09-14,17:08:09.000,50.1043148,-5.4061453,18.89,0.74,126.77
2017-09-14,17:08:14.800,50.1043219,-5.4061089,18.28,0.48,68.29
2017-09-14,17:11:18.400,50.1043318,-5.4061137,19.81,0.40,254.02
2017-09-14,17:12:07.200,50.1043261,-5.4061018,21.33,0.42,108.89
2017-09-14,17:12:12.200,50.1043245,-5.4060633,21.03,0.51,98.11
2017-09-14,17:12:17.200,50.1043254,-5.4059999,21.33,1.23,106.52
2017-09-14,17:12:22.400,50.1043062,-5.4059278,21.33,0.81,112.97
2017-09-14,17:12:27.400,50.1042990,-5.4058555,21.33,0.95,107.03
2017-09-14,17:12:32.400,50.1042596,-5.4057973,21.64,1.44,138.43
2017-09-14,17:12:37.400,50.1042259,-5.4057355,21.03,0.93,115.48
2017-09-14,17:12:42.400,50.1042153,-5.4056600,21.03,1.11,132.65
2017-09-14,17:12:47.400,50.1041870,-5.4055889,20.72,1.01,130.26
2017-09-14,17:12:52.400,50.1041480,-5.4055656,20.42,0.72,160.52
2017-09-14,17:12:57.400,50.1041201,-5.4055092,19.81,0.95,111.81
2017-09-14,17:13:02.400,50.1040953,-5.4054374,19.50,1.30,109.89
2017-09-14,17:13:07.400,50.1040755,-5.4053659,19.81,1.08,108.77
2017-09-14,17:13:12.400,50.1040432,-5.4052981,19.81,1.19,128.60
2017-09-14,17:13:17.400,50.1040112,-5.4052368,19.81,1.06,124.06
2017-09-14,17:13:22.400,50.1039779,-5.4051760,19.50,1.27,138.94
2017-09-14,17:13:27.400,50.1039399,-5.4051368,18.28,0.78,145.16
2017-09-14,17:13:32.400,50.1039013,-5.4050984,17.37,0.76,147.86
2017-09-14,17:13:37.400,50.1038791,-5.4050544,15.84,0.48,102.99
2017-09-14,17:13:42.400,50.1038527,-5.4049877,15.24,1.29,116.03
2017-09-14,17:13:48.000,50.1038387,-5.4049050,15.54,0.68,65.33
2017-09-14,17:13:53.000,50.1038383,-5.4048245,15.54,0.88,62.02
2017-09-14,17:13:58.000,50.1038233,-5.4047469,15.54,0.54,119.18
2017-09-14,17:14:03.000,50.1038127,-5.4046729,15.24,0.93,92.95
2017-09-14,17:14:08.000,50.1038007,-5.4046064,14.32,1.33,94.65
2017-09-14,17:14:13.000,50.1038047,-5.4045448,13.41,0.63,78.63
2017-09-14,17:14:18.000,50.1038173,-5.4044826,12.49,1.01,49.61
2017-09-14,17:14:23.000,50.1038318,-5.4044224,11.58,0.99,45.77
2017-09-14,17:14:28.000,50.1038512,-5.4043580,10.97,1.47,74.59
2017-09-14,17:14:33.200,50.1038681,-5.4042868,10.36,0.70,63.04
2017-09-14,17:14:38.200,50.1038831,-5.4042334,9.75,0.67,42.57
2017-09-14,17:14:44.200,50.1038900,-5.4041878,9.44,0.32,102.56
2017-09-14,17:14:52.600,50.1038757,-5.4041216,9.44,0.82,107.15
2017-09-14,17:14:58.400,50.1038443,-5.4040702,9.44,0.38,105.26
2017-09-14,17:15:03.600,50.1038188,-5.4040871,9.14,0.67,186.79
2017-09-14,17:15:08.800,50.1037931,-5.4040738,8.53,0.55,135.76
2017-09-14,17:15:13.800,50.1037730,-5.4040598,8.22,0.59,188.27
2017-09-14,17:15:18.800,50.1037443,-5.4040599,7.92,0.53,143.30
2017-09-14,17:15:23.800,50.1037100,-5.4040411,8.22,0.73,151.02
2017-09-14,17:15:28.800,50.1036896,-5.4039854,8.53,0.78,90.10
2017-09-14,17:15:33.800,50.1036806,-5.4039578,8.22,0.66,188.73
2017-09-14,17:15:39.400,50.1036586,-5.4039649,8.53,0.54,156.93
2017-09-14,17:15:44.600,50.1036306,-5.4039388,8.53,0.57,145.63
2017-09-14,17:15:51.200,50.1036018,-5.4039113,8.83,0.65,161.27
2017-09-14,17:15:56.200,50.1035633,-5.4038909,8.83,0.80,164.58
2017-09-14,17:16:01.200,50.1035358,-5.4038712,8.83,0.73,120.07
2017-09-14,17:16:06.200,50.1035059,-5.4038503,9.14,0.54,170.25
2017-09-14,17:16:11.200,50.1034644,-5.4038478,9.44,1.07,178.26
2017-09-14,17:16:16.200,50.1034409,-5.4038611,10.05,0.48,207.73
2017-09-14,17:16:21.200,50.1034085,-5.4038773,10.36,0.61,202.74
2017-09-14,17:16:26.200,50.1033762,-5.4038671,10.97,0.60,178.99
2017-09-14,17:16:31.200,50.1033544,-5.4038446,11.58,0.48,138.30
2017-09-14,17:16:36.200,50.1033201,-5.4038010,11.88,0.88,128.76
2017-09-14,17:16:41.200,50.1032640,-5.4037317,12.19,1.21,133.82
2017-09-14,17:16:46.200,50.1032260,-5.4036579,13.10,0.92,116.67
2017-09-14,17:16:51.400,50.1032026,-5.4035841,13.71,0.64,72.00
2017-09-14,17:16:56.400,50.1031714,-5.4035081,14.63,0.61,128.18
2017-09-14,17:17:01.400,50.1031480,-5.4034333,14.93,1.10,109.99
2017-09-14,17:17:06.400,50.1031265,-5.4033637,15.24,1.32,114.57
2017-09-14,17:17:11.400,50.1031144,-5.4032904,15.54,1.21,109.72
2017-09-14,17:17:16.400,50.1030950,-5.4032215,16.15,0.85,127.16
2017-09-14,17:17:21.800,50.1030959,-5.4031531,15.84,0.51,87.97
2017-09-14,17:17:26.800,50.1030977,-5.4030934,16.45,0.68,96.92
2017-09-14,17:17:31.800,50.1030797,-5.4030187,17.06,1.14,113.87
2017-09-14,17:17:36.800,50.1030798,-5.4029428,17.37,1.02,80.98
2017-09-14,17:17:41.800,50.1030696,-5.4028688,17.67,0.99,108.97
2017-09-14,17:17:46.800,50.1030654,-5.4028003,17.67,0.73,72.88
2017-09-14,17:17:51.800,50.1030617,-5.4027267,18.28,0.75,81.22
2017-09-14,17:17:56.800,50.1030641,-5.4026518,18.89,0.82,99.51
2017-09-14,17:18:01.800,50.1030735,-5.4025907,19.81,0.64,96.02
2017-09-14,17:18:06.800,50.1030806,-5.4025323,20.11,0.70,86.16
2017-09-14,17:18:11.800,50.1030868,-5.4024636,20.42,0.74,91.18
2017-09-14,17:18:16.800,50.1030864,-5.4023941,20.72,0.76,115.96
2017-09-14,17:18:21.800,50.1030771,-5.4023243,21.03,1.53,99.35
2017-09-14,17:18:26.800,50.1030656,-5.4022511,20.72,1.18,114.77
2017-09-14,17:18:31.800,50.1030464,-5.4021814,20.72,1.04,139.56
2017-09-14,17:18:36.800,50.1030202,-5.4021325,20.42,0.98,149.51
2017-09-14,17:18:41.800,50.1029951,-5.4020730,20.42,0.83,128.85
2017-09-14,17:18:46.800,50.1029604,-5.4020190,20.11,1.20,135.55
2017-09-14,17:18:51.800,50.1029417,-5.4019617,20.11,0.68,147.78
2017-09-14,17:18:56.800,50.1029174,-5.4019229,20.11,1.19,141.18
2017-09-14,17:19:01.800,50.1028967,-5.4018773,20.11,0.39,126.10
2017-09-14,17:19:06.800,50.1028700,-5.4018345,20.11,0.79,140.44
2017-09-14,17:19:11.800,50.1028361,-5.4017809,19.81,0.72,106.53
2017-09-14,17:19:16.800,50.1028028,-5.4017282,19.50,0.65,115.56
2017-09-14,17:19:21.800,50.1027869,-5.4016762,19.50,0.68,117.42
2017-09-14,17:19:26.800,50.1027813,-5.4016451,19.81,0.48,141.86
2017-09-14,17:19:31.800,50.1027590,-5.4015979,20.72,0.41,127.09
2017-09-14,17:19:36.800,50.1027376,-5.4015522,20.72,0.75,152.88
2017-09-14,17:19:41.800,50.1027041,-5.4015062,21.03,0.82,143.57
2017-09-14,17:19:46.800,50.1026713,-5.4014520,21.33,0.56,86.34
2017-09-14,17:19:51.800,50.1026414,-5.4013864,21.33,1.05,129.46
2017-09-14,17:19:56.800,50.1026119,-5.4013340,21.33,1.00,145.07
2017-09-14,17:20:01.800,50.1025948,-5.4012974,21.64,0.53,134.82
2017-09-14,17:20:06.800,50.1025758,-5.4012531,21.64,0.62,126.50
2017-09-14,17:20:11.800,50.1025551,-5.4012373,21.94,0.28,184.98
2017-09-14,17:20:25.000,50.1025466,-5.4011787,23.46,0.74,113.99
2017-09-14,17:20:30.000,50.1025044,-5.4011061,24.68,1.04,123.05
2017-09-14,17:20:35.000,50.1024609,-5.4010468,24.99,1.39,133.08
2017-09-14,17:20:40.000,50.1024243,-5.4009694,25.29,0.99,101.90
2017-09-14,17:21:04.000,50.1024271,-5.4009354,26.51,0.67,101.77
2017-09-14,17:21:09.000,50.1024088,-5.4008775,27.12,1.07,125.79
2017-09-14,17:21:14.000,50.1023804,-5.4008238,28.04,1.14,139.40
2017-09-14,17:21:19.000,50.1023389,-5.4007729,28.65,1.68,150.66
2017-09-14,17:21:24.000,50.1023170,-5.4007253,29.26,0.72,131.69
2017-09-14,17:21:29.000,50.1022861,-5.4006782,29.26,0.93,138.66
2017-09-14,17:21:34.200,50.1022700,-5.4006387,29.26,0.62,111.59
2017-09-14,17:21:39.200,50.1022666,-5.4005950,28.95,0.55,96.00
2017-09-14,17:21:44.200,50.1022640,-5.4005406,28.65,0.68,80.02
2017-09-14,17:21:49.200,50.1022527,-5.4004776,28.34,0.63,81.77
2017-09-14,17:21:54.200,50.1022291,-5.4004123,28.04,0.56,97.37
2017-09-14,17:21:59.200,50.1022065,-5.4003481,28.34,0.60,102.11
2017-09-14,17:22:04.200,50.1022212,-5.4002863,28.65,0.81,58.01
2017-09-14,17:22:09.200,50.1022265,-5.4002187,29.87,0.60,96.17
2017-09-14,17:22:14.200,50.1022372,-5.4001592,30.48,0.60,80.00
2017-09-14,17:22:19.400,50.1022533,-5.4001204,31.39,0.28,40.47
2017-09-14,17:22:24.400,50.1022644,-5.4000589,32.30,0.66,89.74
2017-09-14,17:22:54.200,50.1022869,-5.3999959,33.52,0.61,91.19
2017-09-14,17:22:59.200,50.1023112,-5.3999160,35.05,0.77,87.48
2017-09-14,17:23:04.200,50.1023166,-5.3998385,37.18,1.11,97.94
2017-09-14,17:23:09.200,50.1023070,-5.3997637,38.40,0.82,115.01
2017-09-14,17:23:14.200,50.1022883,-5.3996893,39.01,1.21,119.44
2017-09-14,17:24:18.200,50.1023134,-5.3996101,41.14,0.34,114.50
2017-09-14,17:24:23.200,50.1022710,-5.3995555,41.45,1.30,144.57
2017-09-14,17:24:28.200,50.1022204,-5.3995014,41.45,0.85,132.49
2017-09-14,17:24:33.200,50.1021750,-5.3994335,41.14,1.04,123.87
2017-09-14,17:24:38.200,50.1021353,-5.3993550,40.53,1.10,116.87
2017-09-14,17:24:43.200,50.1021071,-5.3992847,41.14,1.05,117.69
2017-09-14,17:24:48.200,50.1020830,-5.3992190,41.75,1.10,134.88
2017-09-14,17:24:53.200,50.1020527,-5.3991428,42.06,0.79,108.61
2017-09-14,17:24:58.200,50.1020376,-5.3990683,42.36,0.90,71.31
2017-09-14,17:25:03.200,50.1020046,-5.3990231,42.97,0.80,144.52
2017-09-14,17:25:08.200,50.1019663,-5.3989613,43.28,0.95,136.16
2017-09-14,17:25:13.200,50.1019343,-5.3988943,43.28,1.08,133.07
2017-09-14,17:25:18.200,50.1019743,-5.3988016,43.28,1.12,120.02
2017-09-14,17:25:23.200,50.1019576,-5.3987229,45.11,1.17,131.38
2017-09-14,17:25:28.200,50.1019393,-5.3986901,45.72,1.00,134.69
2017-09-14,17:25:33.200,50.1018867,-5.3986293,45.72,0.95,115.86
2017-09-14,17:25:38.200,50.1018296,-5.3985546,45.72,1.16,127.43
2017-09-14,17:25:43.200,50.1017802,-5.3984852,44.80,1.41,130.44
2017-09-14,17:25:48.200,50.1017387,-5.3984037,43.58,1.18,116.02
2017-09-14,17:25:53.400,50.1017039,-5.3983241,42.36,1.22,114.20
2017-09-14,17:25:58.800,50.1016998,-5.3982446,41.45,0.82,77.86
2017-09-14,17:26:03.800,50.1016946,-5.3981692,41.14,1.02,123.94
2017-09-14,17:26:08.800,50.1016945,-5.3980760,40.23,1.04,85.69
2017-09-14,17:26:13.800,50.1016999,-5.3979906,39.31,1.33,71.73
2017-09-14,17:26:18.800,50.1016992,-5.3979078,38.40,0.70,95.91
2017-09-14,17:26:24.200,50.1017127,-5.3978283,37.79,0.67,91.01
2017-09-14,17:26:29.600,50.1017562,-5.3977600,37.79,1.19,47.50
2017-09-14,17:26:35.400,50.1017707,-5.3977141,38.10,1.18,81.45
2017-09-14,17:26:42.800,50.1017889,-5.3976543,38.40,0.83,110.85
2017-09-14,17:26:47.800,50.1018055,-5.3975926,38.70,1.33,73.01
2017-09-14,17:26:52.800,50.1018133,-5.3975305,39.01,0.83,90.36
2017-09-14,17:26:57.800,50.1018224,-5.3974596,39.01,1.20,75.89
2017-09-14,17:27:02.800,50.1018395,-5.3973841,39.01,1.47,67.70
2017-09-14,17:27:07.800,50.1018471,-5.3973042,39.01,1.17,79.31
2017-09-14,17:27:12.800,50.1018770,-5.3972223,39.31,1.10,56.94
2017-09-14,17:27:21.400,50.1018906,-5.3971752,38.70,1.12,66.08
2017-09-14,17:27:26.400,50.1019073,-5.3971025,38.70,0.75,73.05
2017-09-14,17:27:31.400,50.1019137,-5.3970176,37.79,1.24,88.86
2017-09-14,17:27:36.600,50.1019346,-5.3969387,36.57,0.56,75.48
2017-09-14,17:27:41.600,50.1019513,-5.3968598,35.05,1.66,86.19
2017-09-14,17:27:46.600,50.1019551,-5.3967735,33.83,0.75,73.73
2017-09-14,17:28:51.200,50.1019538,-5.3967188,33.52,0.95,83.38
2017-09-14,17:28:56.200,50.1019612,-5.3966417,32.61,1.25,88.58
2017-09-14,17:29:01.200,50.1019648,-5.3965703,32.00,0.65,89.25
2017-09-14,17:29:06.200,50.1019752,-5.3965138,30.78,0.80,103.05
2017-09-14,17:29:11.400,50.1019912,-5.3964573,29.56,0.69,69.91
2017-09-14,17:29:17.000,50.1019935,-5.3964013,28.95,0.80,88.58
2017-09-14,17:29:22.000,50.1020117,-5.3963418,28.04,0.79,53.06
2017-09-14,17:29:27.000,50.1020336,-5.3962982,27.43,0.96,43.25
2017-09-14,17:29:32.000,50.1020787,-5.3962649,26.51,0.64,1.92
2017-09-14,17:29:37.000,50.1021157,-5.3962277,25.90,0.90,31.45
2017-09-14,17:29:42.000,50.1021640,-5.3962072,25.29,0.77,8.50
2017-09-14,17:29:47.000,50.1021972,-5.3961956,24.38,0.75,8.32
2017-09-14,17:29:52.000,50.1022480,-5.3961851,23.16,1.05,342.98
2017-09-14,17:29:57.000,50.1022903,-5.3961967,21.64,0.68,356.43
2017-09-14,17:30:02.800,50.1023224,-5.3962077,20.72,0.65,348.40
2017-09-14,17:30:07.800,50.1023690,-5.3962213,20.11,0.45,338.24
2017-09-14,17:30:12.800,50.1024187,-5.3962192,19.20,0.65,352.48
2017-09-14,17:30:17.800,50.1024829,-5.3962117,19.20,1.02,4.74
2017-09-14,17:30:22.800,50.1025466,-5.3962188,19.20,1.24,8.41
2017-09-14,17:30:27.800,50.1026011,-5.3962413,18.28,0.95,351.18
2017-09-14,17:30:32.800,50.1026576,-5.3962464,17.98,1.47,352.66
2017-09-14,17:30:37.800,50.1027104,-5.3962565,17.98,1.04,355.37
2017-09-14,17:30:42.800,50.1027693,-5.3962662,19.20,1.11,2.18
2017-09-14,17:30:47.800,50.1028234,-5.3962724,20.11,0.73,2.16
2017-09-14,17:30:52.800,50.1028711,-5.3962770,20.42,0.47,356.78
2017-09-14,17:30:57.800,50.1029092,-5.3962408,20.42,0.80,1.51
2017-09-14,17:31:02.800,50.1029451,-5.3962034,21.03,0.73,3.87
2017-09-14,17:31:07.800,50.1029775,-5.3961620,21.64,0.86,11.46
2017-09-14,17:31:12.800,50.1030024,-5.3961299,21.94,0.60,48.63
2017-09-14,17:31:17.800,50.1030237,-5.3960981,21.64,0.59,51.75
2017-09-14,17:31:22.800,50.1030746,-5.3960685,21.33,0.84,22.93
2017-09-14,17:31:27.800,50.1031192,-5.3960429,20.72,0.81,40.40
2017-09-14,17:31:32.800,50.1031568,-5.3960131,20.42,0.67,25.18
2017-09-14,17:31:37.800,50.1032035,-5.3959799,20.42,0.87,38.97
2017-09-14,17:31:42.800,50.1032491,-5.3959545,19.81,0.91,23.53
2017-09-14,17:31:47.800,50.1032881,-5.3959160,19.81,1.00,18.96
2017-09-14,17:31:52.800,50.1033240,-5.3958843,19.50,0.72,30.39
2017-09-14,17:31:57.800,50.1033569,-5.3958542,19.20,0.62,29.18
2017-09-14,17:32:02.800,50.1034000,-5.3958149,18.89,0.80,37.01
2017-09-14,17:32:07.800,50.1034515,-5.3957929,19.20,0.91,49.32
2017-09-14,17:32:12.800,50.1034866,-5.3957413,18.89,1.50,67.98
2017-09-14,17:32:17.800,50.1035377,-5.3956873,18.59,1.08,47.77
2017-09-14,17:32:22.800,50.1035739,-5.3956287,18.89,1.33,46.00
2017-09-14,17:32:27.800,50.1035980,-5.3955829,19.20,0.62,63.47
2017-09-14,17:32:32.800,50.1036432,-5.3955277,19.50,0.98,54.29
2017-09-14,17:32:37.800,50.1036856,-5.3954718,19.50,0.95,34.96
2017-09-14,17:32:42.800,50.1037078,-5.3954115,19.50,0.91,63.92
2017-09-14,17:32:47.800,50.1037201,-5.3953477,19.50,0.77,89.40
2017-09-14,17:32:52.800,50.1037355,-5.3952816,19.20,0.76,56.87
2017-09-14,17:32:57.800,50.1037567,-5.3952202,18.89,1.24,67.02
2017-09-14,17:33:02.800,50.1037731,-5.3951644,17.98,0.65,71.51
2017-09-14,17:33:07.800,50.1037950,-5.3951067,17.37,0.81,41.80
2017-09-14,17:33:12.800,50.1038191,-5.3950447,16.45,0.91,79.22
2017-09-14,17:33:17.800,50.1038406,-5.3949801,16.15,0.67,53.03
2017-09-14,17:33:22.800,50.1038699,-5.3949208,16.15,1.13,47.27
2017-09-14,17:33:27.800,50.1039076,-5.3948605,15.84,0.97,67.75
2017-09-14,17:33:32.800,50.1039424,-5.3948075,15.84,0.90,55.13
2017-09-14,17:33:37.800,50.1039679,-5.3947432,15.54,0.83,68.88
2017-09-14,17:33:42.800,50.1039908,-5.3946835,15.24,0.84,69.76
2017-09-14,17:33:47.800,50.1040128,-5.3946330,14.93,0.77,59.40
2017-09-14,17:33:52.800,50.1040384,-5.3945749,14.93,0.78,68.22
2017-09-14,17:33:57.800,50.1040570,-5.3945126,14.63,0.78,74.76
2017-09-14,17:34:02.800,50.1040698,-5.3944416,14.02,0.96,88.33
2017-09-14,17:34:07.800,50.1040818,-5.3943775,13.71,0.82,104.63
2017-09-14,17:34:12.800,50.1040769,-5.3943053,13.10,1.09,106.04
2017-09-14,17:34:17.800,50.1040705,-5.3942304,12.49,0.67,107.45
2017-09-14,17:34:22.800,50.1040686,-5.3941552,12.19,1.22,112.94
2017-09-14,17:34:27.800,50.1040672,-5.3940819,11.88,1.09,100.07
2017-09-14,17:34:32.800,50.1040578,-5.3940078,11.58,1.04,120.18
2017-09-14,17:34:37.800,50.1040564,-5.3939306,11.27,1.11,107.06
2017-09-14,17:34:42.800,50.1040542,-5.3938588,10.97,1.36,103.47
2017-09-14,17:34:47.800,50.1040477,-5.3937800,10.36,1.64,122.12
2017-09-14,17:34:52.800,50.1040442,-5.3937092,10.36,1.09,72.27
2017-09-14,17:34:57.800,50.1040398,-5.3936359,10.05,1.08,112.09
2017-09-14,17:35:02.800,50.1040235,-5.3935789,10.05,0.93,149.59
2017-09-14,17:35:07.800,50.1040254,-5.3935266,9.14,0.80,140.19
2017-09-14,17:35:12.800,50.1040215,-5.3934712,8.53,0.58,99.24
2017-09-14,17:35:17.800,50.1040201,-5.3934009,8.53,1.42,93.56
2017-09-14,17:35:22.800,50.1040188,-5.3933307,8.22,0.43,99.88
2017-09-14,17:35:27.800,50.1040097,-5.3932827,7.62,1.07,104.80
2017-09-14,17:35:33.000,50.1040050,-5.3932175,7.31,1.00,98.90
2017-09-14,17:35:38.000,50.1039955,-5.3931527,7.01,0.54,107.11
2017-09-14,17:35:43.000,50.1039845,-5.3931088,7.01,0.32,109.09
2017-09-14,17:36:02.200,50.1039608,-5.3931098,6.40,1.35,85.02
2017-09-14,17:36:07.200,50.1039584,-5.3930275,6.40,2.13,96.00
2017-09-14,17:36:12.400,50.1039548,-5.3929448,6.40,1.24,99.23
2017-09-14,17:36:17.600,50.1039534,-5.3928684,6.09,0.55,98.87
2017-09-14,17:36:22.600,50.1039687,-5.3927970,6.09,1.20,87.50
2017-09-14,17:36:27.600,50.1039676,-5.3927253,5.79,1.50,92.31
2017-09-14,17:36:32.800,50.1039729,-5.3926442,5.79,0.94,77.02
2017-09-14,17:36:37.800,50.1039780,-5.3925782,5.79,1.18,75.79
2017-09-14,17:36:51.200,50.1039728,-5.3925249,5.79,0.32,278.64
2017-09-14,17:37:31.800,50.1039561,-5.3924972,6.09,0.42,136.61
2017-09-14,17:37:37.400,50.1039378,-5.3924594,6.40,0.33,130.47
2017-09-14,17:37:42.400,50.1039213,-5.3924112,5.79,0.94,103.28
2017-09-14,17:37:47.400,50.1039158,-5.3923440,5.18,0.98,130.49
2017-09-14,17:37:52.600,50.1039021,-5.3922851,3.35,0.81,127.80
2017-09-14,17:37:57.600,50.1039249,-5.3922053,1.52,1.15,35.50
2017-09-14,17:38:02.600,50.1039601,-5.3922032,-0.30,0.85,293.45
2017-09-14,17:38:07.600,50.1040054,-5.3922297,-0.91,1.04,13.71
2017-09-14,17:38:12.600,50.1040657,-5.3921813,-1.21,1.15,111.78
2017-09-14,17:38:17.800,50.1040797,-5.3921178,-0.91,0.52,125.16
2017-09-14,17:38:22.800,50.1040612,-5.3920688,0.00,0.67,105.74
2017-09-14,17:38:27.800,50.1040218,-5.3920490,0.30,0.70,164.41
2017-09-14,17:38:32.800,50.1039539,-5.3920443,0.91,0.83,185.64
2017-09-14,17:38:37.800,50.1038858,-5.3920653,1.21,0.97,184.34
2017-09-14,17:38:42.800,50.1038385,-5.3920872,2.43,1.03,170.69
2017-09-14,17:38:47.800,50.1038027,-5.3920988,2.74,0.86,194.85
2017-09-14,17:38:53.000,50.1037617,-5.3920917,3.35,1.31,131.11
2017-09-14,17:38:58.000,50.1037364,-5.3920391,3.35,0.59,117.92
2017-09-14,17:39:03.000,50.1037155,-5.3919748,3.35,1.01,113.56
2017-09-14,17:39:08.000,50.1036994,-5.3919073,3.65,0.91,133.35
2017-09-14,17:39:13.000,50.1037039,-5.3918486,4.26,1.14,123.39
2017-09-14,17:39:18.000,50.1036830,-5.3918070,4.57,1.11,116.90
2017-09-14,17:39:23.000,50.1036692,-5.3917584,5.18,0.79,115.30
2017-09-14,17:39:28.000,50.1036783,-5.3916987,4.87,0.73,70.33
2017-09-14,17:39:33.000,50.1036620,-5.3916409,4.87,0.73,119.31
2017-09-14,17:39:38.000,50.1036501,-5.3915757,4.57,1.13,109.00
2017-09-14,17:39:43.000,50.1036448,-5.3915068,4.26,0.76,93.52
2017-09-14,17:39:48.000,50.1036630,-5.3914856,6.09,0.46,128.76
2017-09-14,17:39:53.000,50.1036098,-5.3914792,7.31,1.18,91.71
2017-09-14,17:39:58.000,50.1036117,-5.3914038,7.31,0.99,70.31
2017-09-14,17:40:03.000,50.1036333,-5.3913332,6.70,1.13,57.49
2017-09-14,17:40:08.000,50.1036487,-5.3912623,5.48,0.71,99.19
2017-09-14,17:40:13.000,50.1036337,-5.3911844,5.48,0.47,99.99
2017-09-14,17:40:18.000,50.1036811,-5.3911464,4.57,1.19,2.69
2017-09-14,17:40:23.000,50.1036899,-5.3911164,3.35,0.77,198.81
2017-09-14,17:40:31.400,50.1036474,-5.3911087,1.52,1.23,133.13
2017-09-14,17:40:42.400,50.1036345,-5.3910914,0.30,0.42,66.17
2017-09-14,17:40:49.200,50.1036524,-5.3910087,0.91,0.79,91.00
2017-09-14,17:40:54.600,50.1036787,-5.3909361,1.52,1.75,91.78
2017-09-14,17:41:00.600,50.1036869,-5.3908604,1.82,0.91,95.18
2017-09-14,17:41:06.000,50.1036945,-5.3907916,2.13,0.48,101.99
2017-09-14,17:41:11.400,50.1037010,-5.3907358,2.43,0.36,67.09
2017-09-14,17:41:17.000,50.1037249,-5.3907130,1.52,0.33,350.98
2017-09-14,17:41:22.200,50.1037313,-5.3907363,0.60,0.40,325.02
2017-09-14,17:41:27.800,50.1037431,-5.3907833,0.00,0.85,329.96
2017-09-14,17:41:33.800,50.1037692,-5.3907902,0.00,0.64,7.66
2017-09-14,17:41:38.800,50.1038027,-5.3907850,0.00,0.90,39.97
2017-09-14,17:41:43.800,50.1038264,-5.3907758,0.30,0.56,19.01
2017-09-14,17:41:48.800,50.1038456,-5.3907564,1.52,0.81,67.36
2017-09-14,17:41:53.800,50.1038498,-5.3907210,3.35,0.44,82.91
2017-09-14,17:41:59.400,50.1038682,-5.3906956,4.57,0.37,10.45
2017-09-14,17:42:05.400,50.1038970,-5.3906812,5.48,0.54,43.54
2017-09-14,17:42:10.400,50.1039375,-5.3906566,5.79,0.56,352.75
2017-09-14,17:42:15.400,50.1039875,-5.3906186,6.40,0.88,7.65
2017-09-14,17:42:20.400,50.1040432,-5.3905865,7.31,1.09,6.04
2017-09-14,17:42:25.400,50.1040948,-5.3905692,7.92,0.78,355.31
2017-09-14,17:42:30.400,50.1041427,-5.3905451,7.92,0.57,36.74
2017-09-14,17:42:35.400,50.1041870,-5.3905007,7.92,0.76,33.50
2017-09-14,17:42:40.600,50.1042308,-5.3904497,8.53,1.57,37.97
2017-09-14,17:42:45.600,50.1042748,-5.3904008,8.83,1.11,37.56
2017-09-14,17:42:50.600,50.1043261,-5.3903539,8.83,1.04,47.93
2017-09-14,17:42:55.600,50.1043696,-5.3903188,9.44,0.45,10.91
