date,time,lat,lon,ele,sog
2025-12-12,10:51:34.000,50.6351098,-2.3757401,19.8,0.000
2025-12-12,10:51:40.000,50.6351267,-2.3757443,19.6,0.000
2025-12-12,10:51:45.000,50.6351305,-2.3757397,19.2,0.000
2025-12-12,10:51:50.000,50.6351222,-2.3757099,18.8,0.000
2025-12-12,10:51:55.000,50.6350775,-2.3756678,18.4,1.409
2025-12-12,10:52:00.000,50.6350335,-2.3756576,18.2,0.933
2025-12-12,10:52:05.000,50.6349780,-2.3756704,18.0,1.381
2025-12-12,10:52:10.000,50.6349434,-2.3756683,18.0,1.064
2025-12-12,10:52:15.000,50.6349018,-2.3756551,17.0,1.008
2025-12-12,10:52:20.000,50.6348886,-2.3756534,17.2,0.000
2025-12-12,10:52:25.000,50.6348868,-2.3756384,17.2,0.000
2025-12-12,10:52:30.000,50.6348860,-2.3755961,16.2,0.000
2025-12-12,10:52:35.000,50.6348830,-2.3755401,15.2,0.858
2025-12-12,10:52:40.000,50.6348725,-2.3754757,14.6,0.998
2025-12-12,10:52:45.000,50.6348639,-2.3754248,13.4,0.877
2025-12-12,10:52:50.000,50.6348555,-2.3753741,12.6,0.840
2025-12-12,10:52:55.000,50.6348486,-2.3753063,11.4,0.989
2025-12-12,10:53:00.000,50.6348444,-2.3752719,11.0,0.858
2025-12-12,10:53:05.000,50.6348729,-2.3752438,10.8,0.868
2025-12-12,10:53:10.000,50.6349273,-2.3752152,11.4,1.138
2025-12-12,10:53:15.000,50.6349503,-2.3751429,11.8,1.148
2025-12-12,10:53:20.000,50.6349640,-2.3750678,12.6,1.185
2025-12-12,10:53:25.000,50.6349786,-2.3749838,13.2,1.166
2025-12-12,10:53:30.000,50.6350014,-2.3749273,14.4,1.157
2025-12-12,10:53:35.000,50.6349878,-2.3748511,15.6,1.148
2025-12-12,10:53:40.000,50.6349770,-2.3747802,16.2,1.129
2025-12-12,10:53:45.000,50.6349595,-2.3746906,16.4,1.148
2025-12-12,10:53:50.000,50.6349523,-2.3746052,17.2,1.176
2025-12-12,10:53:55.000,50.6349378,-2.3745365,18.0,1.157
2025-12-12,10:54:00.000,50.6349277,-2.3745065,18.6,1.064
2025-12-12,10:54:05.000,50.6349344,-2.3745281,18.8,0.000
2025-12-12,10:54:10.000,50.6349342,-2.3745281,18.8,0.000
2025-12-12,10:54:15.000,50.6349342,-2.3745281,18.4,0.000
2025-12-12,10:54:20.000,50.6349342,-2.3745281,18.0,0.000
2025-12-12,10:54:25.000,50.6349216,-2.3745067,18.0,0.000
2025-12-12,10:54:30.000,50.6348901,-2.3744692,19.0,0.000
2025-12-12,10:54:35.000,50.6348838,-2.3744497,19.0,0.000
2025-12-12,10:54:40.000,50.6348713,-2.3743829,19.2,1.036
2025-12-12,10:54:45.000,50.6348579,-2.3743317,19.4,0.756
2025-12-12,10:54:50.000,50.6348424,-2.3742668,19.6,1.008
2025-12-12,10:54:55.000,50.6348073,-2.3742058,20.4,1.045
2025-12-12,10:55:00.000,50.6347818,-2.3741478,21.2,1.026
2025-12-12,10:55:05.000,50.6347616,-2.3740995,22.0,0.877
2025-12-12,10:55:10.000,50.6347427,-2.3740537,22.6,0.980
2025-12-12,10:55:15.000,50.6347157,-2.3739997,23.0,0.942
2025-12-12,10:55:20.000,50.6346910,-2.3739375,24.0,1.036
2025-12-12,10:55:25.000,50.6346672,-2.3738907,25.0,0.989
2025-12-12,10:55:30.000,50.6346578,-2.3738687,25.6,0.718
2025-12-12,10:55:35.000,50.6346578,-2.3738687,25.6,0.000
2025-12-12,10:55:40.000,50.6346579,-2.3738691,25.8,0.000
2025-12-12,10:55:45.000,50.6346612,-2.3738727,25.4,0.000
2025-12-12,10:55:50.000,50.6346578,-2.3738687,25.6,0.000
2025-12-12,10:55:55.000,50.6346523,-2.3738861,25.8,0.000
2025-12-12,10:56:00.000,50.6346508,-2.3738727,25.8,0.000
2025-12-12,10:56:05.000,50.6346615,-2.3738709,26.6,0.000
2025-12-12,10:56:10.000,50.6346475,-2.3738572,26.4,0.000
2025-12-12,10:56:15.000,50.6346207,-2.3737988,27.6,0.000
2025-12-12,10:56:20.000,50.6346166,-2.3737856,28.2,0.000
2025-12-12,10:56:25.000,50.6345999,-2.3737415,28.2,0.737
2025-12-12,10:56:30.000,50.6345801,-2.3736952,28.6,0.000
2025-12-12,10:56:35.000,50.6345654,-2.3736432,28.8,0.840
2025-12-12,10:56:40.000,50.6345389,-2.3736017,29.6,0.896
2025-12-12,10:56:45.000,50.6345068,-2.3735498,30.0,0.970
2025-12-12,10:56:50.000,50.6344793,-2.3734927,30.2,1.017
2025-12-12,10:56:55.000,50.6344540,-2.3734462,30.4,0.998
2025-12-12,10:57:00.000,50.6344393,-2.3733946,30.6,1.008
2025-12-12,10:57:05.000,50.6344146,-2.3733392,31.2,0.980
2025-12-12,10:57:10.000,50.6343892,-2.3732988,31.6,0.961
2025-12-12,10:57:15.000,50.6343721,-2.3732377,32.2,0.952
2025-12-12,10:57:20.000,50.6343544,-2.3731854,32.8,0.933
2025-12-12,10:57:25.000,50.6343307,-2.3731932,33.2,0.886
2025-12-12,10:57:30.000,50.6343299,-2.3731941,33.0,0.000
2025-12-12,10:57:35.000,50.6343299,-2.3731941,32.6,0.000
2025-12-12,10:57:40.000,50.6343299,-2.3731941,32.4,0.000
2025-12-12,10:57:45.000,50.6343299,-2.3731941,31.8,0.000
2025-12-12,10:57:50.000,50.6343386,-2.3731827,31.6,0.000
2025-12-12,10:57:55.000,50.6343405,-2.3731273,31.2,0.700
2025-12-12,10:58:00.000,50.6343250,-2.3730640,31.2,0.998
2025-12-12,10:58:05.000,50.6343156,-2.3729848,31.4,1.092
2025-12-12,10:58:10.000,50.6342992,-2.3729131,31.2,1.120
2025-12-12,10:58:15.000,50.6342776,-2.3728462,32.0,1.138
2025-12-12,10:58:20.000,50.6342573,-2.3727829,32.2,1.194
2025-12-12,10:58:25.000,50.6342354,-2.3727468,32.6,0.858
2025-12-12,10:58:30.000,50.6342160,-2.3727007,33.0,0.830
2025-12-12,10:58:35.000,50.6341891,-2.3726329,33.6,0.877
2025-12-12,10:58:40.000,50.6341680,-2.3725915,34.2,0.812
2025-12-12,10:58:45.000,50.6341438,-2.3725454,35.0,0.942
2025-12-12,10:58:50.000,50.6341288,-2.3724970,35.8,0.784
2025-12-12,10:58:55.000,50.6341085,-2.3724511,36.0,0.802
2025-12-12,10:59:00.000,50.6340801,-2.3724018,36.4,0.858
2025-12-12,10:59:05.000,50.6340636,-2.3723468,36.8,0.896
2025-12-12,10:59:10.000,50.6340520,-2.3722981,37.8,0.858
2025-12-12,10:59:15.000,50.6340344,-2.3722383,38.2,0.877
2025-12-12,10:59:20.000,50.6340250,-2.3721793,38.6,0.886
2025-12-12,10:59:25.000,50.6340038,-2.3721158,39.0,0.942
2025-12-12,10:59:30.000,50.6339844,-2.3720537,39.2,0.942
2025-12-12,10:59:35.000,50.6339684,-2.3719806,39.8,1.064
2025-12-12,10:59:40.000,50.6339452,-2.3719113,40.8,1.073
2025-12-12,10:59:45.000,50.6339285,-2.3718528,41.4,1.064
2025-12-12,10:59:50.000,50.6338987,-2.3718141,42.0,1.054
2025-12-12,10:59:55.000,50.6338725,-2.3717692,43.0,1.008
2025-12-12,11:00:00.000,50.6338508,-2.3717291,43.8,0.952
2025-12-12,11:00:05.000,50.6338358,-2.3716968,45.0,0.989
2025-12-12,11:00:10.000,50.6338078,-2.3716708,46.2,1.045
2025-12-12,11:00:15.000,50.6337767,-2.3716392,47.4,1.017
2025-12-12,11:00:20.000,50.6337748,-2.3716349,47.8,0.000
2025-12-12,11:00:25.000,50.6337584,-2.3715755,47.8,1.250
2025-12-12,11:00:30.000,50.6337280,-2.3715078,48.2,1.148
2025-12-12,11:00:35.000,50.6336969,-2.3714481,48.6,1.026
2025-12-12,11:00:40.000,50.6336689,-2.3713888,49.0,1.017
2025-12-12,11:00:45.000,50.6336437,-2.3713228,49.2,1.026
2025-12-12,11:00:50.000,50.6336241,-2.3712527,49.2,1.036
2025-12-12,11:00:55.000,50.6335998,-2.3711904,49.4,1.036
2025-12-12,11:01:00.000,50.6335872,-2.3711196,49.6,1.054
2025-12-12,11:01:05.000,50.6335629,-2.3710551,49.6,1.073
2025-12-12,11:01:10.000,50.6335264,-2.3710382,49.6,1.045
2025-12-12,11:01:15.000,50.6334739,-2.3710176,49.2,1.036
2025-12-12,11:01:20.000,50.6334177,-2.3710018,48.4,1.157
2025-12-12,11:01:25.000,50.6333665,-2.3709811,48.2,1.166
2025-12-12,11:01:30.000,50.6333265,-2.3709526,47.4,1.120
2025-12-12,11:01:35.000,50.6333368,-2.3709751,47.0,1.026
2025-12-12,11:01:40.000,50.6333359,-2.3709772,47.2,0.000
2025-12-12,11:01:45.000,50.6333359,-2.3709772,47.0,0.000
2025-12-12,11:01:50.000,50.6333072,-2.3709453,46.6,0.961
2025-12-12,11:01:55.000,50.6332680,-2.3709007,46.0,1.092
2025-12-12,11:02:00.000,50.6332242,-2.3708542,45.2,1.176
2025-12-12,11:02:05.000,50.6331787,-2.3708118,44.6,1.176
2025-12-12,11:02:10.000,50.6331371,-2.3707788,44.4,1.129
2025-12-12,11:02:15.000,50.6330964,-2.3707318,43.4,1.120
2025-12-12,11:02:20.000,50.6330517,-2.3706909,42.4,1.166
2025-12-12,11:02:25.000,50.6330242,-2.3706478,41.8,0.998
2025-12-12,11:02:30.000,50.6329908,-2.3705939,41.0,0.970
2025-12-12,11:02:35.000,50.6329592,-2.3705528,40.0,0.989
2025-12-12,11:02:40.000,50.6329235,-2.3705138,39.4,0.970
2025-12-12,11:02:45.000,50.6328957,-2.3704766,39.0,0.914
2025-12-12,11:02:50.000,50.6328651,-2.3704195,38.6,0.952
2025-12-12,11:02:55.000,50.6328352,-2.3703697,37.8,0.952
2025-12-12,11:03:00.000,50.6327958,-2.3703164,37.2,0.998
2025-12-12,11:03:05.000,50.6327573,-2.3702747,36.6,1.017
2025-12-12,11:03:10.000,50.6327134,-2.3702301,36.0,1.036
2025-12-12,11:03:15.000,50.6326872,-2.3701866,35.4,0.980
2025-12-12,11:03:20.000,50.6326657,-2.3701260,34.6,0.980
2025-12-12,11:03:25.000,50.6326544,-2.3700674,34.0,0.914
2025-12-12,11:03:30.000,50.6326518,-2.3699937,33.4,0.970
2025-12-12,11:03:35.000,50.6326514,-2.3699220,33.0,0.980
2025-12-12,11:03:40.000,50.6326397,-2.3698573,32.6,0.961
2025-12-12,11:03:45.000,50.6326280,-2.3698037,32.2,0.914
2025-12-12,11:03:50.000,50.6326082,-2.3697377,32.0,0.924
2025-12-12,11:03:55.000,50.6325947,-2.3696756,31.8,0.952
2025-12-12,11:04:00.000,50.6325800,-2.3695998,31.8,0.980
2025-12-12,11:04:05.000,50.6325641,-2.3695184,32.2,1.092
2025-12-12,11:04:10.000,50.6325477,-2.3694380,32.8,1.148
2025-12-12,11:04:15.000,50.6325280,-2.3693703,33.2,1.120
2025-12-12,11:04:20.000,50.6325104,-2.3692983,33.8,1.092
2025-12-12,11:04:25.000,50.6324988,-2.3692379,34.2,1.036
2025-12-12,11:04:30.000,50.6324830,-2.3691734,35.0,0.989
2025-12-12,11:04:35.000,50.6324637,-2.3691052,35.0,0.989
2025-12-12,11:04:40.000,50.6324503,-2.3690403,35.4,0.998
2025-12-12,11:04:45.000,50.6324370,-2.3689677,35.4,1.017
2025-12-12,11:04:50.000,50.6324250,-2.3688994,35.6,0.998
2025-12-12,11:04:55.000,50.6324073,-2.3688214,35.6,1.008
2025-12-12,11:05:00.000,50.6323976,-2.3687491,35.4,1.036
2025-12-12,11:05:05.000,50.6323912,-2.3686709,35.4,1.073
2025-12-12,11:05:10.000,50.6323807,-2.3686025,35.4,1.045
2025-12-12,11:05:15.000,50.6323700,-2.3685189,35.2,1.082
2025-12-12,11:05:20.000,50.6323443,-2.3684605,34.8,1.073
2025-12-12,11:05:25.000,50.6323365,-2.3683797,35.0,1.092
2025-12-12,11:05:30.000,50.6323250,-2.3682991,34.6,1.101
2025-12-12,11:05:35.000,50.6323062,-2.3682176,34.6,1.129
2025-12-12,11:05:40.000,50.6322885,-2.3681463,34.4,1.138
2025-12-12,11:05:45.000,50.6322753,-2.3680558,34.2,1.157
2025-12-12,11:05:50.000,50.6322674,-2.3679703,33.8,1.176
2025-12-12,11:05:55.000,50.6322536,-2.3678824,34.0,1.204
2025-12-12,11:06:00.000,50.6322387,-2.3678009,33.8,1.222
2025-12-12,11:06:05.000,50.6322237,-2.3677309,33.4,1.176
2025-12-12,11:06:10.000,50.6322083,-2.3676533,33.2,1.148
2025-12-12,11:06:15.000,50.6321892,-2.3675738,32.8,1.138
2025-12-12,11:06:20.000,50.6321683,-2.3674901,32.8,1.157
2025-12-12,11:06:25.000,50.6321523,-2.3674149,32.4,1.166
2025-12-12,11:06:30.000,50.6321362,-2.3673348,32.0,1.157
2025-12-12,11:06:35.000,50.6321277,-2.3672614,31.8,1.157
2025-12-12,11:06:40.000,50.6321068,-2.3671770,31.6,1.176
2025-12-12,11:06:45.000,50.6320761,-2.3671234,31.4,1.166
2025-12-12,11:06:50.000,50.6320402,-2.3670704,30.8,1.157
2025-12-12,11:06:55.000,50.6320198,-2.3670122,30.0,1.092
2025-12-12,11:07:00.000,50.6319991,-2.3669461,30.0,1.082
2025-12-12,11:07:05.000,50.6319781,-2.3668645,29.2,1.092
2025-12-12,11:07:10.000,50.6319633,-2.3667981,28.6,1.064
2025-12-12,11:07:15.000,50.6319418,-2.3667297,28.0,1.073
2025-12-12,11:07:20.000,50.6319253,-2.3667076,27.4,1.017
2025-12-12,11:07:25.000,50.6319249,-2.3667057,27.2,0.000
2025-12-12,11:07:30.000,50.6319249,-2.3667057,26.8,0.000
2025-12-12,11:07:35.000,50.6319249,-2.3667057,27.0,0.000
2025-12-12,11:07:40.000,50.6319249,-2.3667057,27.0,0.000
2025-12-12,11:07:45.000,50.6319267,-2.3667023,27.0,0.000
2025-12-12,11:07:50.000,50.6319147,-2.3666338,26.2,0.952
2025-12-12,11:07:55.000,50.6318965,-2.3665721,25.6,0.980
2025-12-12,11:08:00.000,50.6318768,-2.3665168,25.0,0.905
2025-12-12,11:08:05.000,50.6318530,-2.3664411,24.8,1.082
2025-12-12,11:08:10.000,50.6318363,-2.3663759,24.4,1.064
2025-12-12,11:08:15.000,50.6318248,-2.3663136,24.2,1.054
2025-12-12,11:08:20.000,50.6318183,-2.3662579,23.6,0.858
2025-12-12,11:08:25.000,50.6318055,-2.3661978,23.2,0.952
2025-12-12,11:08:30.000,50.6318007,-2.3661680,23.0,0.765
2025-12-12,11:08:35.000,50.6317938,-2.3661368,22.8,0.569
2025-12-12,11:08:40.000,50.6317867,-2.3661201,22.8,0.000
2025-12-12,11:08:45.000,50.6317785,-2.3660834,22.6,0.000
2025-12-12,11:08:50.000,50.6317458,-2.3660227,22.0,1.054
2025-12-12,11:08:55.000,50.6317263,-2.3659627,21.6,0.924
2025-12-12,11:09:00.000,50.6317103,-2.3659278,21.4,0.644
2025-12-12,11:09:05.000,50.6316833,-2.3658780,20.8,0.746
2025-12-12,11:09:10.000,50.6316588,-2.3658155,20.6,0.868
2025-12-12,11:09:15.000,50.6316263,-2.3657679,19.6,0.989
2025-12-12,11:09:20.000,50.6315908,-2.3657276,19.0,0.989
2025-12-12,11:09:25.000,50.6315504,-2.3656913,18.4,0.980
2025-12-12,11:09:30.000,50.6315035,-2.3656529,17.6,1.017
2025-12-12,11:09:35.000,50.6314648,-2.3655835,17.2,1.073
2025-12-12,11:09:40.000,50.6314496,-2.3654986,17.2,1.129
2025-12-12,11:09:45.000,50.6314473,-2.3654388,16.6,1.054
2025-12-12,11:09:50.000,50.6314512,-2.3653689,16.4,0.980
2025-12-12,11:09:55.000,50.6314581,-2.3652863,16.0,1.064
2025-12-12,11:10:00.000,50.6314569,-2.3652067,15.4,1.082
2025-12-12,11:10:05.000,50.6314531,-2.3651236,15.2,1.092
2025-12-12,11:10:10.000,50.6314562,-2.3650490,14.8,1.101
2025-12-12,11:10:15.000,50.6314593,-2.3649766,14.6,1.101
2025-12-12,11:10:20.000,50.6314541,-2.3649096,14.2,1.008
2025-12-12,11:10:25.000,50.6314576,-2.3648425,14.2,0.970
2025-12-12,11:10:30.000,50.6314615,-2.3647640,13.8,1.017
2025-12-12,11:10:35.000,50.6314689,-2.3647023,13.4,0.970
2025-12-12,11:10:40.000,50.6314739,-2.3646194,13.2,1.008
2025-12-12,11:10:45.000,50.6314896,-2.3645322,13.2,1.054
2025-12-12,11:10:50.000,50.6315039,-2.3644489,13.0,1.157
2025-12-12,11:10:55.000,50.6315199,-2.3643625,12.8,1.204
2025-12-12,11:11:00.000,50.6315346,-2.3642827,12.4,1.204
2025-12-12,11:11:05.000,50.6315488,-2.3642222,12.4,1.120
2025-12-12,11:11:10.000,50.6315598,-2.3641663,12.4,0.970
2025-12-12,11:11:15.000,50.6315927,-2.3641088,12.8,0.980
2025-12-12,11:11:20.000,50.6316142,-2.3640198,13.0,1.064
2025-12-12,11:11:25.000,50.6316287,-2.3639340,13.2,1.129
2025-12-12,11:11:30.000,50.6316509,-2.3638569,12.8,1.176
2025-12-12,11:11:35.000,50.6316569,-2.3637833,12.2,1.166
2025-12-12,11:11:40.000,50.6316517,-2.3636877,12.0,1.176
2025-12-12,11:11:45.000,50.6316607,-2.3636008,11.8,1.194
2025-12-12,11:11:50.000,50.6316605,-2.3635109,11.6,1.204
2025-12-12,11:11:55.000,50.6316722,-2.3634275,11.4,1.222
2025-12-12,11:12:00.000,50.6317050,-2.3633583,11.8,1.222
2025-12-12,11:12:05.000,50.6317262,-2.3632732,11.8,1.250
2025-12-12,11:12:10.000,50.6317328,-2.3631732,11.6,1.260
2025-12-12,11:12:15.000,50.6317385,-2.3630854,11.2,1.278
2025-12-12,11:12:20.000,50.6317437,-2.3629984,10.4,1.278
2025-12-12,11:12:25.000,50.6317349,-2.3629210,10.2,1.260
2025-12-12,11:12:30.000,50.6317141,-2.3628751,9.6,1.213
2025-12-12,11:12:35.000,50.6317113,-2.3627830,8.6,1.222
2025-12-12,11:12:40.000,50.6317249,-2.3627000,8.8,1.250
2025-12-12,11:12:45.000,50.6317318,-2.3626008,9.2,1.278
2025-12-12,11:12:50.000,50.6317396,-2.3625111,8.6,1.306
2025-12-12,11:12:55.000,50.6317515,-2.3624234,8.2,1.288
2025-12-12,11:13:00.000,50.6317585,-2.3623397,8.0,1.260
2025-12-12,11:13:05.000,50.6317542,-2.3622864,7.6,1.166
2025-12-12,11:13:10.000,50.6317546,-2.3622135,6.6,1.110
2025-12-12,11:13:15.000,50.6317692,-2.3621325,6.4,1.120
2025-12-12,11:13:20.000,50.6317677,-2.3620483,7.0,1.166
2025-12-12,11:13:25.000,50.6317758,-2.3619564,7.2,1.232
2025-12-12,11:13:30.000,50.6317774,-2.3618713,7.6,1.213
2025-12-12,11:13:35.000,50.6317766,-2.3617748,7.4,1.241
2025-12-12,11:13:40.000,50.6317748,-2.3616869,7.4,1.269
2025-12-12,11:13:45.000,50.6317724,-2.3616011,7.6,1.260
2025-12-12,11:13:50.000,50.6317744,-2.3615172,7.8,1.250
2025-12-12,11:13:55.000,50.6317862,-2.3614083,7.6,1.269
2025-12-12,11:14:00.000,50.6317981,-2.3613176,7.6,1.288
2025-12-12,11:14:05.000,50.6318034,-2.3612310,7.6,1.288
2025-12-12,11:14:10.000,50.6318105,-2.3611356,7.6,1.297
2025-12-12,11:14:15.000,50.6318202,-2.3610433,7.6,1.297
2025-12-12,11:14:20.000,50.6318389,-2.3609628,7.6,1.297
2025-12-12,11:14:25.000,50.6318563,-2.3608841,7.6,1.288
2025-12-12,11:14:30.000,50.6318655,-2.3607843,7.6,1.288
2025-12-12,11:14:35.000,50.6318625,-2.3606956,7.8,1.288
2025-12-12,11:14:40.000,50.6318663,-2.3606210,7.8,1.278
2025-12-12,11:14:45.000,50.6318888,-2.3605526,7.6,1.269
2025-12-12,11:14:50.000,50.6319084,-2.3605127,7.2,1.222
2025-12-12,11:14:55.000,50.6319343,-2.3604737,6.4,1.110
2025-12-12,11:15:00.000,50.6319418,-2.3604480,5.6,0.000
2025-12-12,11:15:05.000,50.6319504,-2.3604136,5.0,0.000
2025-12-12,11:15:10.000,50.6319752,-2.3603956,4.0,0.000
2025-12-12,11:15:15.000,50.6319830,-2.3603583,3.2,0.000
2025-12-12,11:15:20.000,50.6319870,-2.3603025,2.4,0.000
2025-12-12,11:15:25.000,50.6319918,-2.3602734,1.8,0.000
2025-12-12,11:15:30.000,50.6319659,-2.3602326,1.8,0.000
2025-12-12,11:15:35.000,50.6319229,-2.3602029,1.4,1.110
2025-12-12,11:15:40.000,50.6318892,-2.3601629,1.4,1.045
2025-12-12,11:15:45.000,50.6318612,-2.3601253,1.4,0.905
2025-12-12,11:15:50.000,50.6318090,-2.3601191,0.8,1.064
2025-12-12,11:15:55.000,50.6317745,-2.3601014,0.4,1.008
2025-12-12,11:16:00.000,50.6317510,-2.3600669,0.4,0.784
2025-12-12,11:16:05.000,50.6317302,-2.3600602,0.0,0.532
2025-12-12,11:16:10.000,50.6317125,-2.3600398,-0.8,0.495
2025-12-12,11:16:15.000,50.6316799,-2.3600038,-1.0,0.690
2025-12-12,11:16:20.000,50.6316700,-2.3600132,-0.8,0.000
2025-12-12,11:16:25.000,50.6316432,-2.3600048,-1.0,0.746
2025-12-12,11:16:30.000,50.6316332,-2.3600082,-1.4,0.000
2025-12-12,11:16:35.000,50.6316332,-2.3600082,-1.4,0.000
2025-12-12,11:16:40.000,50.6316332,-2.3600082,-1.6,0.000
2025-12-12,11:16:45.000,50.6316332,-2.3600082,-1.8,0.000
2025-12-12,11:16:50.000,50.6316332,-2.3600082,-1.8,0.000
2025-12-12,11:16:55.000,50.6316332,-2.3600082,-1.6,0.000
2025-12-12,11:17:00.000,50.6316332,-2.3600082,-1.6,0.000
2025-12-12,11:17:05.000,50.6316332,-2.3600082,-1.8,0.000
2025-12-12,11:17:10.000,50.6316332,-2.3600082,-2.0,0.000
2025-12-12,11:17:15.000,50.6316332,-2.3600082,-2.0,0.000
2025-12-12,11:17:20.000,50.6316332,-2.3600082,-2.2,0.000
2025-12-12,11:17:25.000,50.6316332,-2.3600082,-2.4,0.000
2025-12-12,11:17:30.000,50.6316332,-2.3600082,-2.4,0.000
2025-12-12,11:17:35.000,50.6316332,-2.3600082,-2.2,0.000
2025-12-12,11:17:40.000,50.6316332,-2.3600082,-2.4,0.000
2025-12-12,11:17:45.000,50.6316332,-2.3600082,-2.2,0.000
2025-12-12,11:17:50.000,50.6316332,-2.3600082,-2.0,0.000
2025-12-12,11:17:55.000,50.6316332,-2.3600082,-2.2,0.000
2025-12-12,11:18:00.000,50.6316332,-2.3600082,-2.2,0.000
2025-12-12,11:18:05.000,50.6316332,-2.3600082,-2.0,0.000
2025-12-12,11:18:10.000,50.6316332,-2.3600082,-2.0,0.000
2025-12-12,11:18:15.000,50.6316332,-2.3600082,-1.4,0.000
2025-12-12,11:18:20.000,50.6316332,-2.3600082,-1.4,0.000
2025-12-12,11:18:25.000,50.6316332,-2.3600082,-1.4,0.000
2025-12-12,11:18:30.000,50.6316332,-2.3600082,-1.0,0.000
2025-12-12,11:18:35.000,50.6316332,-2.3600082,-0.8,0.000
2025-12-12,11:18:40.000,50.6316332,-2.3600082,-0.6,0.000
2025-12-12,11:18:45.000,50.6316332,-2.3600082,-0.4,0.000
2025-12-12,11:18:50.000,50.6316332,-2.3600082,-0.2,0.000
2025-12-12,11:18:55.000,50.6316332,-2.3600082,0.0,0.000
2025-12-12,11:19:00.000,50.6316332,-2.3600082,0.4,0.000
2025-12-12,11:19:05.000,50.6316332,-2.3600082,0.4,0.000
2025-12-12,11:19:10.000,50.6316332,-2.3600082,0.6,0.000
2025-12-12,11:19:15.000,50.6316332,-2.3600082,0.8,0.000
2025-12-12,11:19:20.000,50.6316367,-2.3600180,0.4,0.308
2025-12-12,11:19:25.000,50.6316629,-2.3600258,0.4,0.000
2025-12-12,11:19:30.000,50.6316988,-2.3600592,0.8,0.000
2025-12-12,11:19:35.000,50.6317277,-2.3600693,1.0,0.000
2025-12-12,11:19:40.000,50.6317587,-2.3600942,2.0,0.000
2025-12-12,11:19:45.000,50.6317998,-2.3601440,2.6,0.709
2025-12-12,11:19:50.000,50.6318385,-2.3601682,3.0,0.998
2025-12-12,11:19:55.000,50.6318627,-2.3601987,3.4,0.933
2025-12-12,11:20:00.000,50.6318993,-2.3602361,3.6,0.952
2025-12-12,11:20:05.000,50.6319367,-2.3602617,3.8,1.026
2025-12-12,11:20:10.000,50.6319820,-2.3602893,4.2,1.204
2025-12-12,11:20:15.000,50.6320164,-2.3602518,4.4,1.092
2025-12-12,11:20:20.000,50.6320162,-2.3601998,4.4,1.036
2025-12-12,11:20:25.000,50.6320297,-2.3601779,5.8,1.120
2025-12-12,11:20:30.000,50.6320389,-2.3601438,7.0,1.129
2025-12-12,11:20:35.000,50.6320143,-2.3601004,7.6,1.157
2025-12-12,11:20:40.000,50.6319982,-2.3600507,8.2,1.008
2025-12-12,11:20:45.000,50.6319887,-2.3599787,9.0,1.045
2025-12-12,11:20:50.000,50.6319939,-2.3599267,9.8,0.830
2025-12-12,11:20:55.000,50.6320023,-2.3598409,10.2,1.194
2025-12-12,11:21:00.000,50.6319861,-2.3597506,9.8,1.138
2025-12-12,11:21:05.000,50.6319784,-2.3596808,9.6,1.129
2025-12-12,11:21:10.000,50.6319914,-2.3595985,9.6,1.120
2025-12-12,11:21:15.000,50.6319928,-2.3595182,9.8,1.129
2025-12-12,11:21:20.000,50.6319941,-2.3594368,9.6,1.129
2025-12-12,11:21:25.000,50.6319891,-2.3593601,9.4,1.129
2025-12-12,11:21:30.000,50.6320000,-2.3592587,10.4,1.148
2025-12-12,11:21:35.000,50.6320186,-2.3591776,11.0,1.176
2025-12-12,11:21:40.000,50.6320335,-2.3590884,11.6,1.213
2025-12-12,11:21:45.000,50.6320357,-2.3589929,11.8,1.222
2025-12-12,11:21:50.000,50.6320408,-2.3588969,11.6,1.241
2025-12-12,11:21:55.000,50.6320482,-2.3588375,11.4,1.185
2025-12-12,11:22:00.000,50.6320488,-2.3588370,11.2,0.000
2025-12-12,11:22:05.000,50.6320488,-2.3588370,11.0,0.000
2025-12-12,11:22:10.000,50.6320488,-2.3588370,10.6,0.000
2025-12-12,11:22:15.000,50.6320488,-2.3588370,10.4,0.000
2025-12-12,11:22:20.000,50.6320488,-2.3588370,10.0,0.000
2025-12-12,11:22:25.000,50.6320488,-2.3588370,9.8,0.000
2025-12-12,11:22:30.000,50.6320488,-2.3588370,9.6,0.000
2025-12-12,11:22:35.000,50.6320488,-2.3588370,9.4,0.000
2025-12-12,11:22:40.000,50.6320488,-2.3588370,9.4,0.000
2025-12-12,11:22:45.000,50.6320490,-2.3588375,9.4,0.000
2025-12-12,11:22:50.000,50.6320488,-2.3588370,9.4,0.000
2025-12-12,11:22:55.000,50.6320481,-2.3588344,9.6,0.000
2025-12-12,11:23:00.000,50.6320488,-2.3588287,9.4,0.000
2025-12-12,11:23:05.000,50.6320590,-2.3587420,9.2,1.148
2025-12-12,11:23:10.000,50.6320693,-2.3586537,9.2,1.204
2025-12-12,11:23:15.000,50.6320794,-2.3585660,9.4,1.250
2025-12-12,11:23:20.000,50.6320893,-2.3584815,9.8,1.232
2025-12-12,11:23:25.000,50.6320989,-2.3583898,10.2,1.250
2025-12-12,11:23:30.000,50.6320931,-2.3583005,10.4,1.278
2025-12-12,11:23:35.000,50.6320903,-2.3582076,10.4,1.316
2025-12-12,11:23:40.000,50.6320830,-2.3581192,10.2,1.278
2025-12-12,11:23:45.000,50.6320726,-2.3580322,10.0,1.278
2025-12-12,11:23:50.000,50.6320657,-2.3579387,10.2,1.278
2025-12-12,11:23:55.000,50.6320556,-2.3578434,10.0,1.288
2025-12-12,11:24:00.000,50.6320338,-2.3577621,10.0,1.288
2025-12-12,11:24:05.000,50.6320074,-2.3576716,9.8,1.306
2025-12-12,11:24:10.000,50.6319812,-2.3575878,9.8,1.316
2025-12-12,11:24:15.000,50.6319641,-2.3574963,9.8,1.325
2025-12-12,11:24:20.000,50.6319478,-2.3574154,9.8,1.306
2025-12-12,11:24:25.000,50.6319240,-2.3573285,9.6,1.316
2025-12-12,11:24:30.000,50.6319062,-2.3572373,9.6,1.316
2025-12-12,11:24:35.000,50.6318918,-2.3571446,9.4,1.316
2025-12-12,11:24:40.000,50.6319046,-2.3570779,9.6,1.288
2025-12-12,11:24:45.000,50.6319313,-2.3570200,9.8,1.260
2025-12-12,11:24:50.000,50.6319471,-2.3569326,10.0,1.250
2025-12-12,11:24:55.000,50.6319079,-2.3568797,9.8,1.222
2025-12-12,11:25:00.000,50.6318770,-2.3567960,9.6,1.260
2025-12-12,11:25:05.000,50.6318903,-2.3567183,9.8,1.297
2025-12-12,11:25:10.000,50.6318850,-2.3566308,10.4,1.288
2025-12-12,11:25:15.000,50.6318636,-2.3565545,10.0,1.213
2025-12-12,11:25:20.000,50.6318274,-2.3564764,9.8,1.222
2025-12-12,11:25:25.000,50.6317978,-2.3563937,9.8,1.269
2025-12-12,11:25:30.000,50.6317657,-2.3563119,9.2,1.288
2025-12-12,11:25:35.000,50.6317391,-2.3562324,9.0,1.297
2025-12-12,11:25:40.000,50.6317121,-2.3561445,9.0,1.306
2025-12-12,11:25:45.000,50.6316875,-2.3560745,8.6,1.297
2025-12-12,11:25:50.000,50.6316512,-2.3559915,8.6,1.297
2025-12-12,11:25:55.000,50.6316271,-2.3559092,8.4,1.297
2025-12-12,11:26:00.000,50.6316005,-2.3558321,8.2,1.306
2025-12-12,11:26:05.000,50.6315779,-2.3557451,8.0,1.316
2025-12-12,11:26:10.000,50.6315517,-2.3556681,8.0,1.297
2025-12-12,11:26:15.000,50.6315211,-2.3555820,7.8,1.306
2025-12-12,11:26:20.000,50.6314925,-2.3555019,7.6,1.306
2025-12-12,11:26:25.000,50.6314759,-2.3554219,7.4,1.306
2025-12-12,11:26:30.000,50.6314505,-2.3553354,7.2,1.306
2025-12-12,11:26:35.000,50.6314320,-2.3552459,7.4,1.306
2025-12-12,11:26:40.000,50.6314235,-2.3551530,7.2,1.297
2025-12-12,11:26:45.000,50.6314143,-2.3550695,7.0,1.297
2025-12-12,11:26:50.000,50.6314047,-2.3549809,6.8,1.288
2025-12-12,11:26:55.000,50.6313936,-2.3548919,6.8,1.288
2025-12-12,11:27:00.000,50.6313817,-2.3547999,6.8,1.278
2025-12-12,11:27:05.000,50.6313746,-2.3547101,6.6,1.278
2025-12-12,11:27:10.000,50.6313658,-2.3546071,6.6,1.297
2025-12-12,11:27:15.000,50.6313585,-2.3545205,6.6,1.288
2025-12-12,11:27:20.000,50.6313548,-2.3544310,6.4,1.288
2025-12-12,11:27:25.000,50.6313530,-2.3543350,6.4,1.288
2025-12-12,11:27:30.000,50.6313490,-2.3542506,6.4,1.288
2025-12-12,11:27:35.000,50.6313507,-2.3541609,6.6,1.278
2025-12-12,11:27:40.000,50.6313530,-2.3540674,6.2,1.278
2025-12-12,11:27:45.000,50.6313496,-2.3540003,6.2,1.269
2025-12-12,11:27:50.000,50.6312939,-2.3539700,6.0,1.250
2025-12-12,11:27:55.000,50.6312601,-2.3539249,5.4,1.222
2025-12-12,11:28:00.000,50.6312456,-2.3538786,5.2,1.120
2025-12-12,11:28:05.000,50.6312342,-2.3538273,4.4,0.933
2025-12-12,11:28:10.000,50.6312239,-2.3537822,4.0,0.886
2025-12-12,11:28:15.000,50.6312223,-2.3537517,3.6,0.774
2025-12-12,11:28:20.000,50.6312264,-2.3537442,3.4,0.000
2025-12-12,11:28:25.000,50.6312296,-2.3537386,3.6,0.000
2025-12-12,11:28:30.000,50.6312295,-2.3537387,3.2,0.000
2025-12-12,11:28:35.000,50.6312288,-2.3537387,2.8,0.000
2025-12-12,11:28:40.000,50.6312194,-2.3537110,2.4,0.000
2025-12-12,11:28:45.000,50.6312209,-2.3537121,2.2,0.000
2025-12-12,11:28:50.000,50.6312200,-2.3536830,1.8,0.000
2025-12-12,11:28:55.000,50.6312148,-2.3536275,1.2,0.690
2025-12-12,11:29:00.000,50.6312086,-2.3535830,0.8,0.252
2025-12-12,11:29:05.000,50.6312055,-2.3535597,0.6,0.000
2025-12-12,11:29:10.000,50.6312015,-2.3535292,0.2,0.000
2025-12-12,11:29:15.000,50.6311998,-2.3534915,0.0,0.000
2025-12-12,11:29:20.000,50.6312005,-2.3534688,0.0,0.000
2025-12-12,11:29:25.000,50.6311974,-2.3534209,-0.8,0.000
2025-12-12,11:29:30.000,50.6311993,-2.3533833,-1.2,0.672
2025-12-12,11:29:35.000,50.6311998,-2.3533544,-1.0,0.541
2025-12-12,11:29:40.000,50.6311999,-2.3533527,-1.2,0.000
2025-12-12,11:29:45.000,50.6312079,-2.3533060,-0.6,0.000
2025-12-12,11:29:50.000,50.6312111,-2.3532505,-0.6,0.952
2025-12-12,11:29:55.000,50.6312219,-2.3531993,-0.8,0.756
2025-12-12,11:30:00.000,50.6312316,-2.3531508,-0.6,0.784
2025-12-12,11:30:05.000,50.6312447,-2.3531001,-0.6,0.793
2025-12-12,11:30:10.000,50.6312575,-2.3530536,-0.4,0.774
2025-12-12,11:30:15.000,50.6312702,-2.3530062,0.4,0.849
2025-12-12,11:30:20.000,50.6312812,-2.3529557,0.4,0.774
2025-12-12,11:30:25.000,50.6312947,-2.3529097,0.4,0.812
2025-12-12,11:30:30.000,50.6313086,-2.3528384,0.2,0.858
2025-12-12,11:30:35.000,50.6313226,-2.3527807,0.6,0.942
2025-12-12,11:30:40.000,50.6313327,-2.3527016,0.6,1.017
2025-12-12,11:30:45.000,50.6313422,-2.3526324,0.6,1.054
2025-12-12,11:30:50.000,50.6313454,-2.3525621,0.6,1.045
2025-12-12,11:30:55.000,50.6313511,-2.3524965,0.6,1.026
2025-12-12,11:31:00.000,50.6313610,-2.3524464,0.6,0.952
2025-12-12,11:31:05.000,50.6313588,-2.3523794,0.6,0.924
2025-12-12,11:31:10.000,50.6313598,-2.3523175,0.8,0.914
2025-12-12,11:31:15.000,50.6313653,-2.3522443,0.8,0.980
2025-12-12,11:31:20.000,50.6313630,-2.3521735,0.8,0.998
2025-12-12,11:31:25.000,50.6313623,-2.3521109,0.6,0.989
2025-12-12,11:31:30.000,50.6313620,-2.3520308,0.6,1.054
2025-12-12,11:31:35.000,50.6313697,-2.3519636,0.6,1.026
2025-12-12,11:31:40.000,50.6313751,-2.3518904,0.8,1.073
2025-12-12,11:31:45.000,50.6313650,-2.3518108,0.6,1.092
2025-12-12,11:31:50.000,50.6313569,-2.3517300,1.0,1.120
2025-12-12,11:31:55.000,50.6313547,-2.3516614,0.8,1.101
2025-12-12,11:32:00.000,50.6313444,-2.3515832,0.6,1.110
2025-12-12,11:32:05.000,50.6313381,-2.3515059,0.6,1.110
2025-12-12,11:32:10.000,50.6313298,-2.3514372,0.6,1.092
2025-12-12,11:32:15.000,50.6313215,-2.3513605,0.6,1.092
2025-12-12,11:32:20.000,50.6313195,-2.3512835,0.6,1.092
2025-12-12,11:32:25.000,50.6313207,-2.3512315,0.4,1.017
2025-12-12,11:32:30.000,50.6312892,-2.3511575,-0.4,1.017
2025-12-12,11:32:35.000,50.6312726,-2.3511063,-0.6,0.989
2025-12-12,11:32:40.000,50.6312518,-2.3510326,-0.8,1.008
2025-12-12,11:32:45.000,50.6312345,-2.3509596,-0.8,1.008
2025-12-12,11:32:50.000,50.6312250,-2.3508789,-0.8,1.054
2025-12-12,11:32:55.000,50.6312162,-2.3508073,-0.8,1.064
2025-12-12,11:33:00.000,50.6312053,-2.3507320,-0.4,1.110
2025-12-12,11:33:05.000,50.6311933,-2.3506549,-0.8,1.110
2025-12-12,11:33:10.000,50.6311762,-2.3505870,-1.2,1.092
2025-12-12,11:33:15.000,50.6311643,-2.3505120,-1.0,1.082
2025-12-12,11:33:20.000,50.6311496,-2.3504289,-0.8,1.157
2025-12-12,11:33:25.000,50.6311498,-2.3503696,0.0,1.138
2025-12-12,11:33:30.000,50.6311556,-2.3503116,0.6,0.970
2025-12-12,11:33:35.000,50.6311385,-2.3502494,1.0,0.961
2025-12-12,11:33:40.000,50.6311261,-2.3501747,1.4,1.064
2025-12-12,11:33:45.000,50.6311154,-2.3501095,1.2,1.045
2025-12-12,11:33:50.000,50.6311051,-2.3500349,1.6,1.110
2025-12-12,11:33:55.000,50.6311074,-2.3499598,0.4,1.064
2025-12-12,11:34:00.000,50.6311160,-2.3498956,0.6,1.054
2025-12-12,11:34:05.000,50.6311289,-2.3498360,0.6,0.980
2025-12-12,11:34:10.000,50.6311451,-2.3497869,0.8,0.914
2025-12-12,11:34:15.000,50.6311457,-2.3497554,1.2,0.681
2025-12-12,11:34:20.000,50.6311462,-2.3497580,1.2,0.000
2025-12-12,11:34:25.000,50.6311462,-2.3497580,1.2,0.000
2025-12-12,11:34:30.000,50.6311376,-2.3497772,1.0,0.000
2025-12-12,11:34:35.000,50.6311387,-2.3497878,0.6,0.000
2025-12-12,11:34:40.000,50.6311448,-2.3497998,0.0,0.000
2025-12-12,11:34:45.000,50.6311448,-2.3497998,-0.2,0.000
2025-12-12,11:34:50.000,50.6311448,-2.3497998,-0.4,0.000
2025-12-12,11:34:55.000,50.6311448,-2.3497998,-0.6,0.000
2025-12-12,11:35:00.000,50.6311448,-2.3497998,-0.8,0.000
2025-12-12,11:35:05.000,50.6311448,-2.3497998,-0.6,0.000
2025-12-12,11:35:10.000,50.6311448,-2.3497998,-0.8,0.000
2025-12-12,11:35:15.000,50.6311448,-2.3497998,-0.8,0.000
2025-12-12,11:35:20.000,50.6311448,-2.3497998,-0.4,0.000
2025-12-12,11:35:25.000,50.6311448,-2.3497998,-1.2,0.000
2025-12-12,11:35:30.000,50.6311448,-2.3497998,-1.0,0.000
2025-12-12,11:35:35.000,50.6311448,-2.3497998,-1.0,0.000
2025-12-12,11:35:40.000,50.6311448,-2.3497998,-1.0,0.000
2025-12-12,11:35:45.000,50.6311448,-2.3497998,-0.8,0.000
2025-12-12,11:35:50.000,50.6311448,-2.3497998,-0.8,0.000
2025-12-12,11:35:55.000,50.6311448,-2.3497998,-0.8,0.000
2025-12-12,11:36:00.000,50.6311448,-2.3497998,-0.6,0.000
2025-12-12,11:36:05.000,50.6311448,-2.3497998,-0.8,0.000
2025-12-12,11:36:10.000,50.6311448,-2.3497998,-0.2,0.000
2025-12-12,11:36:15.000,50.6311448,-2.3497998,-0.4,0.000
2025-12-12,11:36:20.000,50.6311448,-2.3497998,-0.2,0.000
2025-12-12,11:36:25.000,50.6311448,-2.3497998,0.4,0.000
2025-12-12,11:36:30.000,50.6311448,-2.3497998,0.4,0.000
2025-12-12,11:36:35.000,50.6311448,-2.3497998,0.4,0.000
2025-12-12,11:36:40.000,50.6311448,-2.3497998,0.2,0.000
2025-12-12,11:36:45.000,50.6311448,-2.3497998,0.6,0.000
2025-12-12,11:36:50.000,50.6311448,-2.3497998,0.6,0.000
2025-12-12,11:36:55.000,50.6311448,-2.3497998,0.4,0.000
2025-12-12,11:37:00.000,50.6311448,-2.3497998,0.2,0.000
2025-12-12,11:37:05.000,50.6311448,-2.3497998,0.0,0.000
2025-12-12,11:37:10.000,50.6311448,-2.3497998,-0.2,0.000
2025-12-12,11:37:15.000,50.6311448,-2.3497998,-0.6,0.000
2025-12-12,11:37:20.000,50.6311448,-2.3497998,-0.8,0.000
2025-12-12,11:37:25.000,50.6311448,-2.3497998,-0.6,0.000
2025-12-12,11:37:30.000,50.6311448,-2.3497998,-0.6,0.000
2025-12-12,11:37:35.000,50.6311448,-2.3497998,-0.6,0.000
2025-12-12,11:37:40.000,50.6311448,-2.3497998,-0.6,0.000
2025-12-12,11:37:45.000,50.6311448,-2.3497998,-0.2,0.000
2025-12-12,11:37:50.000,50.6311448,-2.3497998,-0.2,0.000
2025-12-12,11:37:55.000,50.6311448,-2.3497998,-0.2,0.000
2025-12-12,11:38:00.000,50.6311448,-2.3497998,-0.4,0.000
2025-12-12,11:38:05.000,50.6311448,-2.3497998,-0.6,0.000
2025-12-12,11:38:10.000,50.6311448,-2.3497998,-0.4,0.000
2025-12-12,11:38:15.000,50.6311448,-2.3497998,-0.6,0.000
2025-12-12,11:38:20.000,50.6311448,-2.3497998,-0.6,0.000
2025-12-12,11:38:25.000,50.6311448,-2.3497998,-0.6,0.000
2025-12-12,11:38:30.000,50.6311448,-2.3497998,-0.6,0.000
2025-12-12,11:38:35.000,50.6311448,-2.3497998,-0.6,0.000
2025-12-12,11:38:40.000,50.6311448,-2.3497998,-0.8,0.000
2025-12-12,11:38:45.000,50.6311448,-2.3497998,-0.6,0.000
2025-12-12,11:38:50.000,50.6311448,-2.3497998,0.0,0.000
2025-12-12,11:38:55.000,50.6311448,-2.3497998,-0.2,0.000
2025-12-12,11:39:00.000,50.6311448,-2.3497998,-0.2,0.000
2025-12-12,11:39:05.000,50.6311448,-2.3497998,0.0,0.000
2025-12-12,11:39:10.000,50.6311448,-2.3497998,0.0,0.000
2025-12-12,11:39:15.000,50.6311448,-2.3497998,0.0,0.000
2025-12-12,11:39:20.000,50.6311448,-2.3497998,0.0,0.000
2025-12-12,11:39:25.000,50.6311448,-2.3497998,-0.2,0.000
2025-12-12,11:39:30.000,50.6311448,-2.3497998,-0.4,0.000
2025-12-12,11:39:35.000,50.6311448,-2.3497998,-0.2,0.000
2025-12-12,11:39:40.000,50.6311448,-2.3497998,0.0,0.000
2025-12-12,11:39:45.000,50.6311448,-2.3497998,0.0,0.000
2025-12-12,11:39:50.000,50.6311448,-2.3497998,0.0,0.000
2025-12-12,11:39:55.000,50.6311448,-2.3497998,0.0,0.000
2025-12-12,11:40:00.000,50.6311448,-2.3497998,0.2,0.000
2025-12-12,11:40:05.000,50.6311448,-2.3497998,-0.2,0.000
2025-12-12,11:40:10.000,50.6311448,-2.3497998,-0.2,0.000
2025-12-12,11:40:15.000,50.6311448,-2.3497998,-0.2,0.000
2025-12-12,11:40:20.000,50.6311448,-2.3497998,0.0,0.000
2025-12-12,11:40:25.000,50.6311448,-2.3497998,0.0,0.000
2025-12-12,11:40:30.000,50.6311448,-2.3497998,0.0,0.000
2025-12-12,11:40:35.000,50.6311448,-2.3497998,-0.4,0.000
2025-12-12,11:40:40.000,50.6311448,-2.3497998,-0.2,0.000
2025-12-12,11:40:45.000,50.6311516,-2.3498129,0.8,0.000
2025-12-12,11:40:50.000,50.6311448,-2.3497998,1.0,0.000
2025-12-12,11:40:55.000,50.6311448,-2.3497998,1.2,0.000
2025-12-12,11:41:00.000,50.6311448,-2.3497998,1.4,0.000
2025-12-12,11:41:05.000,50.6311448,-2.3497998,1.4,0.000
2025-12-12,11:41:10.000,50.6311448,-2.3497998,1.0,0.000
2025-12-12,11:41:15.000,50.6311448,-2.3497998,0.6,0.000
2025-12-12,11:41:20.000,50.6311448,-2.3497998,-0.4,0.000
2025-12-12,11:41:25.000,50.6311448,-2.3497998,-0.8,0.000
2025-12-12,11:41:30.000,50.6311448,-2.3497998,-1.6,0.000
2025-12-12,11:41:35.000,50.6311448,-2.3497998,-2.0,0.000
2025-12-12,11:41:40.000,50.6311448,-2.3497998,-2.6,0.000
2025-12-12,11:41:45.000,50.6311448,-2.3497998,-3.4,0.000
2025-12-12,11:41:50.000,50.6311448,-2.3497998,-3.8,0.000
2025-12-12,11:41:55.000,50.6311448,-2.3497998,-4.4,0.000
2025-12-12,11:42:00.000,50.6311448,-2.3497998,-4.6,0.000
2025-12-12,11:42:05.000,50.6311448,-2.3497998,-5.0,0.000
2025-12-12,11:42:10.000,50.6311448,-2.3497998,-5.2,0.000
2025-12-12,11:42:15.000,50.6311478,-2.3498122,-5.4,0.000
2025-12-12,11:42:20.000,50.6311448,-2.3497998,-5.2,0.000
2025-12-12,11:42:25.000,50.6311354,-2.3497970,-4.6,0.000
2025-12-12,11:42:30.000,50.6311454,-2.3497961,-4.0,0.000
2025-12-12,11:42:35.000,50.6311489,-2.3497595,-3.0,0.000
2025-12-12,11:42:40.000,50.6311505,-2.3497563,-1.8,0.000
2025-12-12,11:42:45.000,50.6311505,-2.3497563,-2.0,0.000
2025-12-12,11:42:50.000,50.6311505,-2.3497563,-0.8,0.000
2025-12-12,11:42:55.000,50.6311505,-2.3497563,0.0,0.000
2025-12-12,11:43:00.000,50.6311505,-2.3497563,0.4,0.000
2025-12-12,11:43:05.000,50.6311505,-2.3497563,1.2,0.000
2025-12-12,11:43:10.000,50.6311505,-2.3497563,1.8,0.000
2025-12-12,11:43:15.000,50.6311505,-2.3497563,2.4,0.000
2025-12-12,11:43:20.000,50.6311505,-2.3497563,2.8,0.000
2025-12-12,11:43:25.000,50.6311505,-2.3497563,3.2,0.000
2025-12-12,11:43:30.000,50.6311505,-2.3497563,3.4,0.000
2025-12-12,11:43:35.000,50.6311505,-2.3497563,3.4,0.000
2025-12-12,11:43:40.000,50.6311505,-2.3497563,3.4,0.000
2025-12-12,11:43:45.000,50.6311505,-2.3497563,3.6,0.000
2025-12-12,11:43:50.000,50.6311505,-2.3497563,3.8,0.000
2025-12-12,11:43:55.000,50.6311505,-2.3497563,4.0,0.000
2025-12-12,11:44:00.000,50.6311505,-2.3497563,4.0,0.000
2025-12-12,11:44:05.000,50.6311505,-2.3497563,4.0,0.000
2025-12-12,11:44:10.000,50.6311505,-2.3497563,4.2,0.000
2025-12-12,11:44:15.000,50.6311505,-2.3497563,4.0,0.000
2025-12-12,11:44:20.000,50.6311505,-2.3497563,3.8,0.000
2025-12-12,11:44:25.000,50.6311505,-2.3497563,3.8,0.000
2025-12-12,11:44:30.000,50.6311505,-2.3497563,4.0,0.000
2025-12-12,11:44:35.000,50.6311635,-2.3497427,3.8,0.000
2025-12-12,11:44:40.000,50.6311638,-2.3497411,3.8,0.000
2025-12-12,11:44:45.000,50.6311638,-2.3497411,3.8,0.000
2025-12-12,11:44:50.000,50.6311638,-2.3497411,3.8,0.000
2025-12-12,11:44:55.000,50.6311638,-2.3497411,3.8,0.000
2025-12-12,11:45:00.000,50.6311638,-2.3497411,4.0,0.000
2025-12-12,11:45:05.000,50.6311638,-2.3497411,3.8,0.000
2025-12-12,11:45:10.000,50.6311638,-2.3497411,3.8,0.000
2025-12-12,11:45:15.000,50.6311638,-2.3497411,3.8,0.000
2025-12-12,11:45:20.000,50.6311638,-2.3497411,4.0,0.000
2025-12-12,11:45:25.000,50.6311638,-2.3497411,4.2,0.000
2025-12-12,11:45:30.000,50.6311638,-2.3497411,4.2,0.000
2025-12-12,11:45:35.000,50.6311638,-2.3497411,4.4,0.000
2025-12-12,11:45:40.000,50.6311638,-2.3497411,4.4,0.000
2025-12-12,11:45:45.000,50.6311638,-2.3497411,4.0,0.000
2025-12-12,11:45:50.000,50.6311638,-2.3497411,3.8,0.000
2025-12-12,11:45:55.000,50.6311638,-2.3497411,3.4,0.000
2025-12-12,11:46:00.000,50.6311638,-2.3497411,2.8,0.000
2025-12-12,11:46:05.000,50.6311638,-2.3497411,2.4,0.000
2025-12-12,11:46:10.000,50.6311638,-2.3497411,1.8,0.000
2025-12-12,11:46:15.000,50.6311638,-2.3497411,1.4,0.000
2025-12-12,11:46:20.000,50.6311638,-2.3497411,1.0,0.000
2025-12-12,11:46:25.000,50.6311638,-2.3497411,0.4,0.000
2025-12-12,11:46:30.000,50.6311638,-2.3497411,0.0,0.000
2025-12-12,11:46:35.000,50.6311638,-2.3497411,-0.6,0.000
2025-12-12,11:46:40.000,50.6311638,-2.3497411,-1.0,0.000
2025-12-12,11:46:45.000,50.6311638,-2.3497411,-1.2,0.000
2025-12-12,11:46:50.000,50.6311638,-2.3497411,-1.4,0.000
2025-12-12,11:46:55.000,50.6311638,-2.3497411,-1.2,0.000
2025-12-12,11:47:00.000,50.6311638,-2.3497411,-1.4,0.000
2025-12-12,11:47:05.000,50.6311638,-2.3497411,-1.4,0.000
2025-12-12,11:47:10.000,50.6311638,-2.3497411,-1.2,0.000
2025-12-12,11:47:15.000,50.6311638,-2.3497411,-1.4,0.000
2025-12-12,11:47:20.000,50.6311638,-2.3497411,-1.4,0.000
2025-12-12,11:47:25.000,50.6311638,-2.3497411,-1.2,0.000
2025-12-12,11:47:30.000,50.6311638,-2.3497411,-0.8,0.000
2025-12-12,11:47:35.000,50.6311638,-2.3497411,-0.2,0.000
2025-12-12,11:47:40.000,50.6311638,-2.3497411,0.2,0.000
2025-12-12,11:47:45.000,50.6311638,-2.3497411,0.4,0.000
2025-12-12,11:47:50.000,50.6311638,-2.3497411,0.6,0.000
2025-12-12,11:47:55.000,50.6311638,-2.3497411,0.6,0.000
2025-12-12,11:48:00.000,50.6311638,-2.3497411,0.4,0.000
2025-12-12,11:48:05.000,50.6311638,-2.3497411,0.8,0.000
2025-12-12,11:48:10.000,50.6311577,-2.3497749,1.0,0.000
2025-12-12,11:48:15.000,50.6311508,-2.3497915,1.4,0.000
2025-12-12,11:48:20.000,50.6311475,-2.3498237,1.4,0.000
2025-12-12,11:48:25.000,50.6311453,-2.3498703,2.0,0.830
2025-12-12,11:48:30.000,50.6311462,-2.3498813,2.8,0.000
2025-12-12,11:48:35.000,50.6311742,-2.3498738,4.0,0.000
2025-12-12,11:48:40.000,50.6312097,-2.3498629,5.6,0.830
2025-12-12,11:48:45.000,50.6312446,-2.3498515,6.8,0.905
2025-12-12,11:48:50.000,50.6312674,-2.3498475,8.0,0.662
2025-12-12,11:48:55.000,50.6312993,-2.3498210,8.8,0.821
2025-12-12,11:49:00.000,50.6313293,-2.3497762,9.0,0.970
2025-12-12,11:49:05.000,50.6313446,-2.3497266,9.2,0.914
2025-12-12,11:49:10.000,50.6313525,-2.3496970,9.0,0.672
2025-12-12,11:49:15.000,50.6313889,-2.3496498,9.0,1.138
2025-12-12,11:49:20.000,50.6314350,-2.3496443,9.2,1.204
2025-12-12,11:49:25.000,50.6314785,-2.3496286,9.2,1.017
2025-12-12,11:49:30.000,50.6315215,-2.3496310,9.4,0.998
2025-12-12,11:49:35.000,50.6315711,-2.3496402,9.2,1.054
2025-12-12,11:49:40.000,50.6316105,-2.3496528,9.4,1.036
2025-12-12,11:49:45.000,50.6316543,-2.3496594,9.2,1.026
2025-12-12,11:49:50.000,50.6316935,-2.3496583,9.4,0.989
2025-12-12,11:49:55.000,50.6317385,-2.3496485,9.4,0.980
2025-12-12,11:50:00.000,50.6317860,-2.3496425,9.6,1.017
2025-12-12,11:50:05.000,50.6318411,-2.3496299,10.0,1.129
2025-12-12,11:50:10.000,50.6318955,-2.3496112,10.4,1.204
2025-12-12,11:50:15.000,50.6319430,-2.3495974,10.6,1.157
2025-12-12,11:50:20.000,50.6319777,-2.3496184,10.6,1.092
2025-12-12,11:50:25.000,50.6320123,-2.3496281,10.8,0.868
2025-12-12,11:50:30.000,50.6320540,-2.3496348,10.8,0.905
2025-12-12,11:50:35.000,50.6320839,-2.3496691,11.0,0.924
2025-12-12,11:50:40.000,50.6321187,-2.3497171,11.0,0.998
2025-12-12,11:50:45.000,50.6321182,-2.3497722,11.0,1.045
2025-12-12,11:50:50.000,50.6321104,-2.3498541,11.0,1.082
2025-12-12,11:50:55.000,50.6320959,-2.3499442,11.0,1.204
2025-12-12,11:51:00.000,50.6320953,-2.3500317,10.6,1.213
2025-12-12,11:51:05.000,50.6320983,-2.3501256,10.4,1.241
2025-12-12,11:51:10.000,50.6320917,-2.3502218,10.4,1.260
2025-12-12,11:51:15.000,50.6320883,-2.3503094,10.4,1.288
2025-12-12,11:51:20.000,50.6320773,-2.3503906,10.4,1.250
2025-12-12,11:51:25.000,50.6320772,-2.3504723,10.4,1.260
2025-12-12,11:51:30.000,50.6320774,-2.3505666,10.2,1.260
2025-12-12,11:51:35.000,50.6320690,-2.3506689,10.4,1.334
2025-12-12,11:51:40.000,50.6320721,-2.3507550,10.4,1.334
2025-12-12,11:51:45.000,50.6320716,-2.3508356,10.4,1.306
2025-12-12,11:51:50.000,50.6320703,-2.3509311,10.6,1.288
2025-12-12,11:51:55.000,50.6320743,-2.3510278,10.6,1.306
2025-12-12,11:52:00.000,50.6320708,-2.3511054,10.6,1.288
2025-12-12,11:52:05.000,50.6320753,-2.3511958,10.8,1.278
2025-12-12,11:52:10.000,50.6320766,-2.3512979,10.8,1.306
2025-12-12,11:52:15.000,50.6320846,-2.3513836,10.6,1.306
2025-12-12,11:52:20.000,50.6320885,-2.3514741,10.8,1.297
2025-12-12,11:52:25.000,50.6320913,-2.3515636,11.0,1.297
2025-12-12,11:52:30.000,50.6320980,-2.3516568,11.0,1.297
2025-12-12,11:52:35.000,50.6321029,-2.3517353,11.0,1.297
2025-12-12,11:52:40.000,50.6321051,-2.3518256,11.0,1.288
2025-12-12,11:52:45.000,50.6321142,-2.3519160,11.0,1.288
2025-12-12,11:52:50.000,50.6321212,-2.3520023,10.8,1.288
2025-12-12,11:52:55.000,50.6321247,-2.3521036,11.2,1.297
2025-12-12,11:53:00.000,50.6321270,-2.3522018,11.0,1.306
2025-12-12,11:53:05.000,50.6321364,-2.3522903,11.0,1.306
2025-12-12,11:53:10.000,50.6321452,-2.3523794,10.8,1.306
2025-12-12,11:53:15.000,50.6321503,-2.3524784,11.0,1.306
2025-12-12,11:53:20.000,50.6321638,-2.3525637,10.8,1.306
2025-12-12,11:53:25.000,50.6321845,-2.3526462,11.2,1.316
2025-12-12,11:53:30.000,50.6321988,-2.3527312,11.4,1.297
2025-12-12,11:53:35.000,50.6322141,-2.3528355,11.4,1.316
2025-12-12,11:53:40.000,50.6322291,-2.3529317,11.8,1.334
2025-12-12,11:53:45.000,50.6322348,-2.3530211,11.6,1.344
2025-12-12,11:53:50.000,50.6322471,-2.3531057,11.8,1.344
2025-12-12,11:53:55.000,50.6322506,-2.3531839,12.0,1.306
2025-12-12,11:54:00.000,50.6322860,-2.3531761,12.0,1.250
2025-12-12,11:54:05.000,50.6322969,-2.3531299,12.2,1.194
2025-12-12,11:54:10.000,50.6323181,-2.3531144,12.4,0.942
2025-12-12,11:54:15.000,50.6323364,-2.3531058,12.6,0.000
2025-12-12,11:54:20.000,50.6323316,-2.3531058,12.6,0.000
2025-12-12,11:54:25.000,50.6323312,-2.3531034,12.4,0.000
2025-12-12,11:54:30.000,50.6323291,-2.3531011,12.4,0.000
2025-12-12,11:54:35.000,50.6323256,-2.3530963,12.4,0.000
2025-12-12,11:54:40.000,50.6323211,-2.3531080,12.2,0.000
2025-12-12,11:54:45.000,50.6323156,-2.3531272,12.2,0.000
2025-12-12,11:54:50.000,50.6323069,-2.3531488,11.8,0.000
2025-12-12,11:54:55.000,50.6322972,-2.3531823,12.0,0.000
2025-12-12,11:55:00.000,50.6322955,-2.3531866,12.2,0.000
2025-12-12,11:55:05.000,50.6322964,-2.3532098,12.4,0.000
2025-12-12,11:55:10.000,50.6322923,-2.3532244,12.6,0.000
2025-12-12,11:55:15.000,50.6322923,-2.3532244,12.4,0.000
2025-12-12,11:55:20.000,50.6322923,-2.3532244,12.2,0.000
2025-12-12,11:55:25.000,50.6322923,-2.3532244,12.4,0.000
2025-12-12,11:55:30.000,50.6322923,-2.3532244,12.4,0.000
2025-12-12,11:55:35.000,50.6322923,-2.3532244,12.0,0.000
2025-12-12,11:55:40.000,50.6322923,-2.3532244,11.8,0.000
2025-12-12,11:55:45.000,50.6322923,-2.3532244,12.2,0.000
2025-12-12,11:55:50.000,50.6322923,-2.3532244,12.4,0.000
2025-12-12,11:55:55.000,50.6322923,-2.3532244,13.0,0.000
2025-12-12,11:56:00.000,50.6322923,-2.3532244,13.0,0.000
2025-12-12,11:56:05.000,50.6322923,-2.3532244,13.0,0.000
2025-12-12,11:56:10.000,50.6322923,-2.3532244,13.0,0.000
2025-12-12,11:56:15.000,50.6322889,-2.3532544,13.0,1.073
2025-12-12,11:56:20.000,50.6322969,-2.3532796,12.8,0.000
2025-12-12,11:56:25.000,50.6322659,-2.3532837,12.8,0.924
2025-12-12,11:56:30.000,50.6322034,-2.3533082,12.6,1.306
2025-12-12,11:56:35.000,50.6322317,-2.3532977,12.4,0.000
2025-12-12,11:56:40.000,50.6322850,-2.3532661,12.8,1.390
2025-12-12,11:56:45.000,50.6323399,-2.3532441,12.6,1.390
2025-12-12,11:56:50.000,50.6323845,-2.3532138,12.8,1.185
2025-12-12,11:56:55.000,50.6324252,-2.3531612,12.8,1.138
2025-12-12,11:57:00.000,50.6324534,-2.3531178,12.8,1.138
2025-12-12,11:57:05.000,50.6324417,-2.3530358,12.6,1.148
2025-12-12,11:57:10.000,50.6324265,-2.3529528,12.6,1.185
2025-12-12,11:57:15.000,50.6324153,-2.3528835,12.6,1.185
2025-12-12,11:57:20.000,50.6324114,-2.3528823,12.6,0.000
2025-12-12,11:57:25.000,50.6323668,-2.3529397,12.4,1.381
2025-12-12,11:57:30.000,50.6323543,-2.3529649,12.2,1.045
2025-12-12,11:57:35.000,50.6323809,-2.3529441,12.2,0.924
2025-12-12,11:57:40.000,50.6324053,-2.3529269,12.6,0.924
2025-12-12,11:57:45.000,50.6324078,-2.3529398,12.8,0.000
2025-12-12,11:57:50.000,50.6324020,-2.3529459,13.2,0.000
2025-12-12,11:57:55.000,50.6324083,-2.3529848,13.6,0.000
2025-12-12,11:58:00.000,50.6324057,-2.3529908,13.8,0.000
2025-12-12,11:58:05.000,50.6324093,-2.3529971,13.8,0.000
2025-12-12,11:58:10.000,50.6324203,-2.3529938,13.8,0.000
2025-12-12,11:58:15.000,50.6324231,-2.3529964,13.6,0.000
2025-12-12,11:58:20.000,50.6324263,-2.3529850,13.2,0.000
2025-12-12,11:58:25.000,50.6324298,-2.3529897,13.2,0.000
2025-12-12,11:58:30.000,50.6324336,-2.3529826,12.8,0.000
2025-12-12,11:58:35.000,50.6324377,-2.3529798,12.6,0.000
2025-12-12,11:58:40.000,50.6324197,-2.3529296,12.6,0.000
2025-12-12,11:58:45.000,50.6323676,-2.3529565,12.2,1.250
2025-12-12,11:58:50.000,50.6323282,-2.3529488,12.2,1.110
2025-12-12,11:58:55.000,50.6323040,-2.3528761,12.2,1.260
2025-12-12,11:59:00.000,50.6322824,-2.3528813,12.2,1.064
2025-12-12,11:59:05.000,50.6322844,-2.3528870,12.4,0.000
2025-12-12,11:59:10.000,50.6323089,-2.3529374,12.4,0.523
2025-12-12,11:59:15.000,50.6323229,-2.3529557,12.6,0.000
2025-12-12,11:59:20.000,50.6323228,-2.3529418,12.0,0.000
2025-12-12,11:59:25.000,50.6323221,-2.3529409,11.8,0.000
2025-12-12,11:59:30.000,50.6323179,-2.3529396,11.8,0.000
2025-12-12,11:59:35.000,50.6323202,-2.3529439,11.2,0.000
2025-12-12,11:59:40.000,50.6323298,-2.3529534,11.2,0.000
2025-12-12,11:59:45.000,50.6323372,-2.3529570,11.0,0.000
2025-12-12,11:59:50.000,50.6323410,-2.3529636,11.2,0.000
2025-12-12,11:59:55.000,50.6323453,-2.3529627,11.4,0.000
2025-12-12,12:00:00.000,50.6323455,-2.3529606,11.6,0.000
2025-12-12,12:00:05.000,50.6323455,-2.3529606,12.0,0.000
2025-12-12,12:00:10.000,50.6323455,-2.3529606,12.2,0.000
2025-12-12,12:00:15.000,50.6323455,-2.3529606,12.2,0.000
2025-12-12,12:00:20.000,50.6323455,-2.3529606,12.4,0.000
2025-12-12,12:00:25.000,50.6323455,-2.3529606,12.6,0.000
2025-12-12,12:00:30.000,50.6323455,-2.3529606,13.0,0.000
2025-12-12,12:00:35.000,50.6323455,-2.3529606,13.0,0.000
2025-12-12,12:00:40.000,50.6323455,-2.3529606,13.0,0.000
2025-12-12,12:00:45.000,50.6323455,-2.3529606,13.4,0.000
2025-12-12,12:00:50.000,50.6323455,-2.3529606,13.4,0.000
2025-12-12,12:00:55.000,50.6323455,-2.3529606,13.6,0.000
2025-12-12,12:01:00.000,50.6323455,-2.3529606,13.2,0.000
2025-12-12,12:01:05.000,50.6323455,-2.3529606,13.2,0.000
2025-12-12,12:01:10.000,50.6323455,-2.3529606,13.0,0.000
2025-12-12,12:01:15.000,50.6323455,-2.3529606,12.8,0.000
2025-12-12,12:01:20.000,50.6323455,-2.3529606,12.8,0.000
2025-12-12,12:01:25.000,50.6323455,-2.3529606,13.0,0.000
2025-12-12,12:01:30.000,50.6323455,-2.3529606,12.8,0.000
2025-12-12,12:01:35.000,50.6323455,-2.3529606,12.8,0.000
2025-12-12,12:01:40.000,50.6323449,-2.3529572,12.6,0.000
2025-12-12,12:01:45.000,50.6323455,-2.3529606,12.6,0.000
2025-12-12,12:01:50.000,50.6323455,-2.3529606,12.2,0.000
2025-12-12,12:01:55.000,50.6323348,-2.3529440,12.2,0.000
2025-12-12,12:02:00.000,50.6323367,-2.3529456,11.8,0.000
2025-12-12,12:02:05.000,50.6323455,-2.3529606,11.8,0.000
2025-12-12,12:02:10.000,50.6323455,-2.3529606,11.6,0.000
2025-12-12,12:02:15.000,50.6323455,-2.3529606,11.4,0.000
2025-12-12,12:02:20.000,50.6323455,-2.3529606,11.4,0.000
2025-12-12,12:02:25.000,50.6323455,-2.3529606,11.6,0.000
2025-12-12,12:02:30.000,50.6323455,-2.3529606,11.8,0.000
2025-12-12,12:02:35.000,50.6323455,-2.3529606,12.0,0.000
2025-12-12,12:02:40.000,50.6323366,-2.3529555,11.8,0.000
2025-12-12,12:02:45.000,50.6323307,-2.3529420,11.6,0.000
2025-12-12,12:02:50.000,50.6323313,-2.3529438,11.2,0.000
2025-12-12,12:02:55.000,50.6323316,-2.3529466,10.8,0.000
2025-12-12,12:03:00.000,50.6323415,-2.3529577,10.4,0.000
2025-12-12,12:03:05.000,50.6323419,-2.3529597,10.2,0.000
2025-12-12,12:03:10.000,50.6323389,-2.3529628,9.8,0.000
2025-12-12,12:03:15.000,50.6323394,-2.3529574,9.8,0.000
2025-12-12,12:03:20.000,50.6323361,-2.3529468,9.8,0.000
2025-12-12,12:03:25.000,50.6323313,-2.3529438,9.8,0.000
2025-12-12,12:03:30.000,50.6323313,-2.3529438,10.0,0.000
2025-12-12,12:03:35.000,50.6323313,-2.3529438,10.2,0.000
2025-12-12,12:03:40.000,50.6323378,-2.3529454,10.0,0.000
2025-12-12,12:03:45.000,50.6323313,-2.3529438,10.0,0.000
2025-12-12,12:03:50.000,50.6323313,-2.3529438,10.0,0.000
2025-12-12,12:03:55.000,50.6323313,-2.3529438,9.6,0.000
2025-12-12,12:04:00.000,50.6323313,-2.3529438,9.4,0.000
2025-12-12,12:04:05.000,50.6323313,-2.3529438,9.0,0.000
2025-12-12,12:04:10.000,50.6323313,-2.3529438,8.8,0.000
2025-12-12,12:04:15.000,50.6323313,-2.3529438,8.6,0.000
2025-12-12,12:04:20.000,50.6323313,-2.3529438,8.0,0.000
2025-12-12,12:04:25.000,50.6323313,-2.3529438,7.4,0.000
2025-12-12,12:04:30.000,50.6323313,-2.3529438,6.8,0.000
2025-12-12,12:04:35.000,50.6323313,-2.3529438,6.4,0.000
2025-12-12,12:04:40.000,50.6323313,-2.3529438,6.0,0.000
2025-12-12,12:04:45.000,50.6323236,-2.3529438,6.2,0.000
2025-12-12,12:04:50.000,50.6323206,-2.3529552,6.2,0.000
2025-12-12,12:04:55.000,50.6323178,-2.3529513,6.4,0.000
2025-12-12,12:05:00.000,50.6323178,-2.3529513,6.6,0.000
2025-12-12,12:05:05.000,50.6323178,-2.3529513,6.8,0.000
2025-12-12,12:05:10.000,50.6323178,-2.3529513,7.2,0.000
2025-12-12,12:05:15.000,50.6323185,-2.3529482,7.8,0.000
2025-12-12,12:05:20.000,50.6323203,-2.3529317,7.8,0.000
2025-12-12,12:05:25.000,50.6323165,-2.3529281,7.8,0.000
2025-12-12,12:05:30.000,50.6323165,-2.3529281,7.8,0.000
2025-12-12,12:05:35.000,50.6323165,-2.3529281,7.6,0.000
2025-12-12,12:05:40.000,50.6323165,-2.3529281,7.4,0.000
2025-12-12,12:05:45.000,50.6323165,-2.3529281,7.2,0.000
2025-12-12,12:05:50.000,50.6323165,-2.3529281,7.0,0.000
2025-12-12,12:05:55.000,50.6323165,-2.3529281,6.8,0.000
2025-12-12,12:06:00.000,50.6323165,-2.3529281,6.6,0.000
2025-12-12,12:06:05.000,50.6323165,-2.3529281,6.6,0.000
2025-12-12,12:06:10.000,50.6323165,-2.3529281,6.4,0.000
2025-12-12,12:06:15.000,50.6323165,-2.3529281,6.2,0.000
2025-12-12,12:06:20.000,50.6323165,-2.3529281,6.2,0.000
2025-12-12,12:06:25.000,50.6323165,-2.3529281,6.2,0.000
2025-12-12,12:06:30.000,50.6323165,-2.3529281,6.4,0.000
2025-12-12,12:06:35.000,50.6323165,-2.3529281,6.6,0.000
2025-12-12,12:06:40.000,50.6323165,-2.3529281,6.2,0.000
2025-12-12,12:06:45.000,50.6323165,-2.3529281,6.4,0.000
2025-12-12,12:06:50.000,50.6323165,-2.3529281,6.4,0.000
2025-12-12,12:06:55.000,50.6323165,-2.3529281,6.8,0.000
2025-12-12,12:07:00.000,50.6323165,-2.3529281,7.0,0.000
2025-12-12,12:07:05.000,50.6323045,-2.3529260,7.0,0.000
2025-12-12,12:07:10.000,50.6323165,-2.3529281,6.6,0.000
2025-12-12,12:07:15.000,50.6323165,-2.3529281,6.6,0.000
2025-12-12,12:07:20.000,50.6323165,-2.3529281,6.8,0.000
2025-12-12,12:07:25.000,50.6323165,-2.3529281,6.8,0.000
2025-12-12,12:07:30.000,50.6323165,-2.3529281,6.8,0.000
2025-12-12,12:07:35.000,50.6323163,-2.3529508,6.8,0.000
2025-12-12,12:07:40.000,50.6323277,-2.3529479,7.0,1.017
2025-12-12,12:07:45.000,50.6323397,-2.3529599,7.2,0.000
2025-12-12,12:07:50.000,50.6323479,-2.3529559,7.2,0.000
2025-12-12,12:07:55.000,50.6323352,-2.3529385,7.4,0.000
2025-12-12,12:08:00.000,50.6323216,-2.3529501,7.2,0.000
2025-12-12,12:08:05.000,50.6323425,-2.3529539,7.4,0.000
2025-12-12,12:08:10.000,50.6323398,-2.3529532,7.4,0.000
2025-12-12,12:08:15.000,50.6323404,-2.3529540,7.4,0.000
2025-12-12,12:08:20.000,50.6323404,-2.3529540,7.0,0.000
2025-12-12,12:08:25.000,50.6323404,-2.3529540,6.8,0.000
2025-12-12,12:08:30.000,50.6323083,-2.3529332,6.6,1.232
2025-12-12,12:08:35.000,50.6323083,-2.3529332,6.6,0.000
2025-12-12,12:08:40.000,50.6323083,-2.3529332,6.6,0.000
2025-12-12,12:08:45.000,50.6323083,-2.3529332,6.8,0.000
2025-12-12,12:08:50.000,50.6323083,-2.3529332,7.0,0.000
2025-12-12,12:08:55.000,50.6323083,-2.3529332,7.2,0.000
2025-12-12,12:09:00.000,50.6323083,-2.3529332,7.0,0.000
2025-12-12,12:09:05.000,50.6323083,-2.3529332,7.2,0.000
2025-12-12,12:09:10.000,50.6323083,-2.3529332,7.0,0.000
2025-12-12,12:09:15.000,50.6323083,-2.3529332,7.0,0.000
2025-12-12,12:09:20.000,50.6323083,-2.3529332,7.0,0.000
2025-12-12,12:09:25.000,50.6323083,-2.3529332,6.8,0.000
2025-12-12,12:09:30.000,50.6323083,-2.3529332,6.8,0.000
2025-12-12,12:09:35.000,50.6323083,-2.3529332,6.8,0.000
2025-12-12,12:09:40.000,50.6323083,-2.3529332,6.8,0.000
2025-12-12,12:09:45.000,50.6323083,-2.3529332,7.0,0.000
2025-12-12,12:09:50.000,50.6323083,-2.3529332,7.0,0.000
2025-12-12,12:09:55.000,50.6323083,-2.3529332,7.2,0.000
2025-12-12,12:10:00.000,50.6323083,-2.3529332,7.4,0.000
2025-12-12,12:10:05.000,50.6323083,-2.3529332,7.6,0.000
2025-12-12,12:10:10.000,50.6323083,-2.3529332,7.6,0.000
2025-12-12,12:10:15.000,50.6323083,-2.3529332,7.6,0.000
2025-12-12,12:10:20.000,50.6323083,-2.3529332,7.6,0.000
2025-12-12,12:10:25.000,50.6323083,-2.3529332,7.8,0.000
2025-12-12,12:10:30.000,50.6323083,-2.3529332,8.0,0.000
2025-12-12,12:10:35.000,50.6323083,-2.3529332,8.0,0.000
2025-12-12,12:10:40.000,50.6323083,-2.3529332,8.2,0.000
2025-12-12,12:10:45.000,50.6323083,-2.3529332,8.4,0.000
2025-12-12,12:10:50.000,50.6323083,-2.3529332,8.8,0.000
2025-12-12,12:10:55.000,50.6323083,-2.3529332,8.8,0.000
2025-12-12,12:11:00.000,50.6323083,-2.3529332,8.8,0.000
2025-12-12,12:11:05.000,50.6323083,-2.3529332,8.6,0.000
2025-12-12,12:11:10.000,50.6323083,-2.3529332,8.2,0.000
2025-12-12,12:11:15.000,50.6323083,-2.3529332,7.8,0.000
2025-12-12,12:11:20.000,50.6323083,-2.3529332,7.6,0.000
2025-12-12,12:11:25.000,50.6323083,-2.3529332,7.6,0.000
2025-12-12,12:11:30.000,50.6323083,-2.3529332,7.6,0.000
2025-12-12,12:11:35.000,50.6323083,-2.3529332,7.6,0.000
2025-12-12,12:11:40.000,50.6323083,-2.3529332,8.0,0.000
2025-12-12,12:11:45.000,50.6323083,-2.3529332,8.0,0.000
2025-12-12,12:11:50.000,50.6323156,-2.3529550,8.6,0.000
2025-12-12,12:11:55.000,50.6323166,-2.3529594,8.8,0.000
2025-12-12,12:12:00.000,50.6323274,-2.3529785,8.8,0.000
2025-12-12,12:12:05.000,50.6323312,-2.3529805,8.8,0.000
2025-12-12,12:12:10.000,50.6323312,-2.3529805,8.8,0.000
2025-12-12,12:12:15.000,50.6323312,-2.3529805,8.6,0.000
2025-12-12,12:12:20.000,50.6323312,-2.3529805,8.2,0.000
2025-12-12,12:12:25.000,50.6323312,-2.3529805,7.6,0.000
2025-12-12,12:12:30.000,50.6323312,-2.3529805,7.2,0.000
2025-12-12,12:12:35.000,50.6323312,-2.3529805,6.4,0.000
2025-12-12,12:12:40.000,50.6323312,-2.3529805,6.2,0.000
2025-12-12,12:12:45.000,50.6323291,-2.3529567,6.4,0.000
2025-12-12,12:12:50.000,50.6323285,-2.3529465,6.4,0.000
2025-12-12,12:12:55.000,50.6323307,-2.3529454,6.6,0.000
2025-12-12,12:13:00.000,50.6323307,-2.3529454,7.0,0.000
2025-12-12,12:13:05.000,50.6323307,-2.3529454,7.2,0.000
2025-12-12,12:13:10.000,50.6323307,-2.3529454,7.2,0.000
2025-12-12,12:13:15.000,50.6323307,-2.3529454,7.6,0.000
2025-12-12,12:13:20.000,50.6323307,-2.3529454,7.4,0.000
2025-12-12,12:13:25.000,50.6323307,-2.3529454,7.8,0.000
2025-12-12,12:13:30.000,50.6323307,-2.3529454,7.8,0.000
2025-12-12,12:13:35.000,50.6323307,-2.3529454,8.0,0.000
2025-12-12,12:13:40.000,50.6323307,-2.3529454,8.0,0.000
2025-12-12,12:13:45.000,50.6323307,-2.3529454,8.0,0.000
2025-12-12,12:13:50.000,50.6323307,-2.3529454,8.0,0.000
2025-12-12,12:13:55.000,50.6323301,-2.3529423,8.2,0.000
2025-12-12,12:14:00.000,50.6323328,-2.3529436,8.2,0.000
2025-12-12,12:14:05.000,50.6323367,-2.3529493,8.0,0.000
2025-12-12,12:14:10.000,50.6323291,-2.3529326,8.0,0.000
2025-12-12,12:14:15.000,50.6323306,-2.3529536,8.0,0.000
2025-12-12,12:14:20.000,50.6323307,-2.3529454,8.0,0.000
2025-12-12,12:14:25.000,50.6323307,-2.3529454,8.2,0.000
2025-12-12,12:14:30.000,50.6323210,-2.3529530,8.6,0.000
2025-12-12,12:14:35.000,50.6323307,-2.3529454,8.6,0.000
2025-12-12,12:14:40.000,50.6323307,-2.3529454,8.8,0.000
2025-12-12,12:14:45.000,50.6323307,-2.3529454,9.0,0.000
2025-12-12,12:14:50.000,50.6323307,-2.3529454,9.2,0.000
2025-12-12,12:14:55.000,50.6323307,-2.3529454,9.4,0.000
2025-12-12,12:15:00.000,50.6323307,-2.3529454,9.4,0.000
2025-12-12,12:15:05.000,50.6323307,-2.3529454,9.6,0.000
2025-12-12,12:15:10.000,50.6323307,-2.3529454,9.4,0.000
2025-12-12,12:15:15.000,50.6323307,-2.3529454,9.2,0.000
2025-12-12,12:15:20.000,50.6323307,-2.3529454,9.0,0.000
2025-12-12,12:15:25.000,50.6323307,-2.3529454,8.8,0.000
2025-12-12,12:15:30.000,50.6323307,-2.3529454,8.8,0.000
2025-12-12,12:15:35.000,50.6323307,-2.3529454,8.8,0.000
2025-12-12,12:15:40.000,50.6323307,-2.3529454,9.0,0.000
2025-12-12,12:15:45.000,50.6323307,-2.3529454,9.0,0.000
2025-12-12,12:15:50.000,50.6323307,-2.3529454,8.8,0.000
2025-12-12,12:15:55.000,50.6323307,-2.3529454,8.6,0.000
2025-12-12,12:16:00.000,50.6323307,-2.3529454,8.6,0.000
2025-12-12,12:16:05.000,50.6323307,-2.3529454,8.4,0.000
2025-12-12,12:16:10.000,50.6323307,-2.3529454,8.2,0.000
2025-12-12,12:16:15.000,50.6323307,-2.3529454,8.2,0.000
2025-12-12,12:16:20.000,50.6323307,-2.3529454,8.2,0.000
2025-12-12,12:16:25.000,50.6323307,-2.3529454,8.4,0.000
2025-12-12,12:16:30.000,50.6323307,-2.3529454,8.0,0.000
2025-12-12,12:16:35.000,50.6323307,-2.3529454,7.4,0.000
2025-12-12,12:16:40.000,50.6323307,-2.3529454,6.6,0.000
2025-12-12,12:16:45.000,50.6323307,-2.3529454,6.0,0.000
2025-12-12,12:16:50.000,50.6323307,-2.3529454,5.4,0.000
2025-12-12,12:16:55.000,50.6323307,-2.3529454,4.8,0.000
2025-12-12,12:17:00.000,50.6323307,-2.3529454,4.2,0.000
2025-12-12,12:17:05.000,50.6323307,-2.3529454,3.8,0.000
2025-12-12,12:17:10.000,50.6323307,-2.3529454,3.6,0.000
2025-12-12,12:17:15.000,50.6323307,-2.3529454,3.4,0.000
2025-12-12,12:17:20.000,50.6323307,-2.3529454,3.2,0.000
2025-12-12,12:17:25.000,50.6323307,-2.3529454,3.0,0.000
2025-12-12,12:17:30.000,50.6323237,-2.3529585,2.8,0.000
2025-12-12,12:17:35.000,50.6323307,-2.3529454,2.8,0.000
2025-12-12,12:17:40.000,50.6323239,-2.3529653,3.0,0.000
2025-12-12,12:17:45.000,50.6323172,-2.3529565,3.4,0.000
2025-12-12,12:17:50.000,50.6323168,-2.3529487,3.6,0.000
2025-12-12,12:17:55.000,50.6323168,-2.3529487,3.8,0.000
2025-12-12,12:18:00.000,50.6323166,-2.3529498,4.0,0.000
2025-12-12,12:18:05.000,50.6323168,-2.3529487,4.0,0.000
2025-12-12,12:18:10.000,50.6323168,-2.3529487,4.0,0.000
2025-12-12,12:18:15.000,50.6323168,-2.3529487,4.2,0.000
2025-12-12,12:18:20.000,50.6323168,-2.3529487,4.2,0.000
2025-12-12,12:18:25.000,50.6323168,-2.3529487,4.4,0.000
2025-12-12,12:18:30.000,50.6323168,-2.3529487,4.8,0.000
2025-12-12,12:18:35.000,50.6323168,-2.3529487,5.4,0.000
2025-12-12,12:18:40.000,50.6323328,-2.3529681,5.6,0.000
2025-12-12,12:18:45.000,50.6323228,-2.3529476,5.8,0.000
2025-12-12,12:18:50.000,50.6323168,-2.3529487,6.2,0.000
2025-12-12,12:18:55.000,50.6323168,-2.3529487,6.4,0.000
2025-12-12,12:19:00.000,50.6323182,-2.3529489,6.6,0.000
2025-12-12,12:19:05.000,50.6323115,-2.3529625,7.0,0.000
2025-12-12,12:19:10.000,50.6323177,-2.3529757,6.8,0.000
2025-12-12,12:19:15.000,50.6323244,-2.3529913,6.6,0.000
2025-12-12,12:19:20.000,50.6323226,-2.3529997,6.0,0.000
2025-12-12,12:19:25.000,50.6323233,-2.3530021,5.8,0.000
2025-12-12,12:19:30.000,50.6323197,-2.3529949,5.4,0.000
2025-12-12,12:19:35.000,50.6323192,-2.3529990,5.0,0.000
2025-12-12,12:19:40.000,50.6323161,-2.3529968,4.4,0.000
2025-12-12,12:19:45.000,50.6323161,-2.3529968,4.0,0.000
2025-12-12,12:19:50.000,50.6323161,-2.3529968,3.6,0.000
2025-12-12,12:19:55.000,50.6323161,-2.3529968,3.2,0.000
2025-12-12,12:20:00.000,50.6323161,-2.3529968,2.6,0.000
2025-12-12,12:20:05.000,50.6323161,-2.3529968,2.0,0.000
2025-12-12,12:20:10.000,50.6323161,-2.3529968,2.0,0.000
2025-12-12,12:20:15.000,50.6323161,-2.3529968,2.0,0.000
2025-12-12,12:20:20.000,50.6323161,-2.3529968,1.6,0.000
2025-12-12,12:20:25.000,50.6323161,-2.3529968,2.0,0.000
2025-12-12,12:20:30.000,50.6323161,-2.3529968,1.8,0.000
2025-12-12,12:20:35.000,50.6323161,-2.3529968,2.0,0.000
2025-12-12,12:20:40.000,50.6323161,-2.3529968,1.8,0.000
2025-12-12,12:20:45.000,50.6323161,-2.3529968,2.0,0.000
2025-12-12,12:20:50.000,50.6323161,-2.3529968,2.2,0.000
2025-12-12,12:20:55.000,50.6323161,-2.3529968,2.0,0.000
2025-12-12,12:21:00.000,50.6323223,-2.3529648,2.6,0.000
2025-12-12,12:21:05.000,50.6323216,-2.3529543,3.4,0.000
2025-12-12,12:21:10.000,50.6323132,-2.3529656,4.2,0.000
2025-12-12,12:21:15.000,50.6323078,-2.3529683,5.2,0.000
2025-12-12,12:21:20.000,50.6323078,-2.3529683,6.0,0.000
2025-12-12,12:21:25.000,50.6323214,-2.3529559,6.6,0.000
2025-12-12,12:21:30.000,50.6323714,-2.3529328,7.6,0.336
2025-12-12,12:21:35.000,50.6324204,-2.3529083,8.4,0.000
2025-12-12,12:21:40.000,50.6324300,-2.3529868,8.8,1.008
2025-12-12,12:21:45.000,50.6324028,-2.3530487,9.4,1.213
2025-12-12,12:21:50.000,50.6324042,-2.3530943,10.2,1.166
2025-12-12,12:21:55.000,50.6323790,-2.3531742,10.6,1.204
2025-12-12,12:22:00.000,50.6323774,-2.3531917,11.4,0.000
2025-12-12,12:22:05.000,50.6323778,-2.3531910,11.6,0.000
2025-12-12,12:22:10.000,50.6324311,-2.3531800,11.8,1.110
2025-12-12,12:22:15.000,50.6324567,-2.3531978,12.4,0.886
2025-12-12,12:22:20.000,50.6324249,-2.3532044,12.4,1.661
2025-12-12,12:22:25.000,50.6323628,-2.3532279,12.6,1.381
2025-12-12,12:22:30.000,50.6323083,-2.3532388,12.6,1.381
2025-12-12,12:22:35.000,50.6322589,-2.3532520,13.0,1.297
2025-12-12,12:22:40.000,50.6321956,-2.3532919,13.0,1.362
2025-12-12,12:22:45.000,50.6321394,-2.3533221,13.2,1.390
2025-12-12,12:22:50.000,50.6320851,-2.3533558,12.8,1.344
2025-12-12,12:22:55.000,50.6320265,-2.3533744,13.4,1.372
2025-12-12,12:23:00.000,50.6319597,-2.3533857,13.4,1.381
2025-12-12,12:23:05.000,50.6318967,-2.3534027,13.6,1.400
2025-12-12,12:23:10.000,50.6318317,-2.3534247,13.8,1.409
2025-12-12,12:23:15.000,50.6317691,-2.3534545,14.0,1.418
2025-12-12,12:23:20.000,50.6317173,-2.3534705,14.2,1.418
2025-12-12,12:23:25.000,50.6316474,-2.3535018,14.4,1.437
2025-12-12,12:23:30.000,50.6315862,-2.3535191,14.6,1.446
2025-12-12,12:23:35.000,50.6315224,-2.3535483,15.0,1.446
2025-12-12,12:23:40.000,50.6314625,-2.3535809,15.0,1.456
2025-12-12,12:23:45.000,50.6314115,-2.3536411,14.8,1.437
2025-12-12,12:23:50.000,50.6313905,-2.3537482,15.0,1.456
2025-12-12,12:23:55.000,50.6313781,-2.3538447,13.6,1.493
2025-12-12,12:24:00.000,50.6313706,-2.3539416,14.2,1.465
2025-12-12,12:24:05.000,50.6313600,-2.3540382,15.6,1.465
2025-12-12,12:24:10.000,50.6313521,-2.3541342,15.6,1.456
2025-12-12,12:24:15.000,50.6313470,-2.3542306,16.0,1.437
2025-12-12,12:24:20.000,50.6313487,-2.3543364,15.8,1.446
2025-12-12,12:24:25.000,50.6313521,-2.3544299,17.2,1.446
2025-12-12,12:24:30.000,50.6313550,-2.3545302,18.2,1.428
2025-12-12,12:24:35.000,50.6313603,-2.3546273,17.8,1.437
2025-12-12,12:24:40.000,50.6313660,-2.3547214,18.2,1.428
2025-12-12,12:24:45.000,50.6313764,-2.3548159,18.4,1.400
2025-12-12,12:24:50.000,50.6313826,-2.3549220,19.2,1.418
2025-12-12,12:24:55.000,50.6313929,-2.3550131,19.4,1.409
2025-12-12,12:25:00.000,50.6314062,-2.3551109,19.4,1.409
2025-12-12,12:25:05.000,50.6314130,-2.3552060,19.8,1.409
2025-12-12,12:25:10.000,50.6314277,-2.3552956,20.0,1.400
2025-12-12,12:25:15.000,50.6314463,-2.3553780,20.4,1.372
2025-12-12,12:25:20.000,50.6314712,-2.3554687,19.8,1.372
2025-12-12,12:25:25.000,50.6314908,-2.3555621,19.4,1.381
2025-12-12,12:25:30.000,50.6315210,-2.3556411,19.2,1.372
2025-12-12,12:25:35.000,50.6315496,-2.3557209,18.8,1.362
2025-12-12,12:25:40.000,50.6315785,-2.3557997,18.4,1.353
2025-12-12,12:25:45.000,50.6316071,-2.3558828,17.6,1.344
2025-12-12,12:25:50.000,50.6316374,-2.3559681,17.4,1.344
2025-12-12,12:25:55.000,50.6316657,-2.3560470,17.2,1.344
2025-12-12,12:26:00.000,50.6316945,-2.3561241,16.8,1.334
2025-12-12,12:26:05.000,50.6317244,-2.3562073,16.8,1.325
2025-12-12,12:26:10.000,50.6317531,-2.3562888,16.6,1.325
2025-12-12,12:26:15.000,50.6317784,-2.3563757,16.4,1.334
2025-12-12,12:26:20.000,50.6318091,-2.3564490,16.2,1.316
2025-12-12,12:26:25.000,50.6318361,-2.3565251,16.2,1.316
2025-12-12,12:26:30.000,50.6318576,-2.3566111,16.4,1.306
2025-12-12,12:26:35.000,50.6318715,-2.3566917,16.4,1.288
2025-12-12,12:26:40.000,50.6318723,-2.3567680,16.0,1.288
2025-12-12,12:26:45.000,50.6318933,-2.3568320,15.4,1.269
2025-12-12,12:26:50.000,50.6319306,-2.3568854,15.4,1.250
2025-12-12,12:26:55.000,50.6319398,-2.3569612,15.6,1.250
2025-12-12,12:27:00.000,50.6319162,-2.3570251,15.0,1.232
2025-12-12,12:27:05.000,50.6318901,-2.3571182,14.8,1.241
2025-12-12,12:27:10.000,50.6318950,-2.3572067,14.6,1.260
2025-12-12,12:27:15.000,50.6319096,-2.3572983,14.4,1.260
2025-12-12,12:27:20.000,50.6319332,-2.3573896,14.4,1.288
2025-12-12,12:27:25.000,50.6319558,-2.3574614,14.6,1.269
2025-12-12,12:27:30.000,50.6319745,-2.3575615,14.6,1.278
2025-12-12,12:27:35.000,50.6320009,-2.3576554,14.6,1.306
2025-12-12,12:27:40.000,50.6320255,-2.3577342,14.6,1.306
2025-12-12,12:27:45.000,50.6320455,-2.3578266,14.8,1.306
2025-12-12,12:27:50.000,50.6320571,-2.3579233,14.8,1.306
2025-12-12,12:27:55.000,50.6320657,-2.3580123,14.8,1.316
2025-12-12,12:28:00.000,50.6320774,-2.3581006,15.0,1.306
2025-12-12,12:28:05.000,50.6320874,-2.3581986,15.0,1.306
2025-12-12,12:28:10.000,50.6320937,-2.3582955,15.2,1.325
2025-12-12,12:28:15.000,50.6321000,-2.3583942,15.0,1.334
2025-12-12,12:28:20.000,50.6320862,-2.3584799,14.8,1.325
2025-12-12,12:28:25.000,50.6320716,-2.3585831,14.4,1.334
2025-12-12,12:28:30.000,50.6320632,-2.3586696,14.2,1.334
2025-12-12,12:28:35.000,50.6320524,-2.3587681,14.0,1.334
2025-12-12,12:28:40.000,50.6320368,-2.3588754,14.2,1.353
2025-12-12,12:28:45.000,50.6320267,-2.3589581,14.2,1.353
2025-12-12,12:28:50.000,50.6320250,-2.3590458,14.2,1.344
2025-12-12,12:28:55.000,50.6320174,-2.3591358,14.2,1.334
2025-12-12,12:29:00.000,50.6320048,-2.3592317,14.0,1.334
2025-12-12,12:29:05.000,50.6319871,-2.3593323,13.8,1.344
2025-12-12,12:29:10.000,50.6319903,-2.3594092,13.6,1.334
2025-12-12,12:29:15.000,50.6319940,-2.3595062,14.2,1.353
2025-12-12,12:29:20.000,50.6319874,-2.3595855,14.4,1.325
2025-12-12,12:29:25.000,50.6319750,-2.3596680,14.2,1.288
2025-12-12,12:29:30.000,50.6319865,-2.3597683,14.6,1.306
2025-12-12,12:29:35.000,50.6319874,-2.3598496,15.0,1.306
2025-12-12,12:29:40.000,50.6319767,-2.3599346,14.6,1.269
2025-12-12,12:29:45.000,50.6319790,-2.3600003,13.6,1.148
2025-12-12,12:29:50.000,50.6319880,-2.3600468,13.0,1.045
2025-12-12,12:29:55.000,50.6319994,-2.3600816,12.4,0.924
2025-12-12,12:30:00.000,50.6320072,-2.3601246,11.6,0.000
2025-12-12,12:30:05.000,50.6320012,-2.3601564,11.0,0.000
2025-12-12,12:30:10.000,50.6319873,-2.3601933,9.6,0.000
2025-12-12,12:30:15.000,50.6319833,-2.3602421,8.6,0.000
2025-12-12,12:30:20.000,50.6319557,-2.3602713,8.4,0.000
2025-12-12,12:30:25.000,50.6319408,-2.3603028,8.4,0.000
2025-12-12,12:30:30.000,50.6319317,-2.3603419,9.4,0.345
2025-12-12,12:30:35.000,50.6319197,-2.3603876,10.4,0.551
2025-12-12,12:30:40.000,50.6319101,-2.3604189,11.0,0.000
2025-12-12,12:30:45.000,50.6318898,-2.3604590,12.4,0.000
2025-12-12,12:30:50.000,50.6318663,-2.3605018,13.2,0.243
2025-12-12,12:30:55.000,50.6318498,-2.3605479,13.6,0.914
2025-12-12,12:31:00.000,50.6318423,-2.3606433,13.8,1.157
2025-12-12,12:31:05.000,50.6318426,-2.3607221,13.8,1.213
2025-12-12,12:31:10.000,50.6318425,-2.3608095,14.0,1.194
2025-12-12,12:31:15.000,50.6318293,-2.3609103,14.0,1.260
2025-12-12,12:31:20.000,50.6318113,-2.3609995,14.0,1.278
2025-12-12,12:31:25.000,50.6318017,-2.3610815,14.4,1.306
2025-12-12,12:31:30.000,50.6317907,-2.3611784,14.6,1.306
2025-12-12,12:31:35.000,50.6317905,-2.3612702,15.0,1.306
2025-12-12,12:31:40.000,50.6317843,-2.3613609,15.4,1.316
2025-12-12,12:31:45.000,50.6317667,-2.3614598,15.8,1.297
2025-12-12,12:31:50.000,50.6317570,-2.3615590,16.0,1.316
2025-12-12,12:31:55.000,50.6317554,-2.3616334,16.0,1.316
2025-12-12,12:32:00.000,50.6317620,-2.3617189,16.2,1.306
2025-12-12,12:32:05.000,50.6317656,-2.3618109,16.6,1.306
2025-12-12,12:32:10.000,50.6317652,-2.3619031,16.8,1.306
2025-12-12,12:32:15.000,50.6317551,-2.3619946,16.6,1.306
2025-12-12,12:32:20.000,50.6317545,-2.3620797,16.4,1.306
2025-12-12,12:32:25.000,50.6317488,-2.3621624,15.8,1.297
2025-12-12,12:32:30.000,50.6317344,-2.3622435,15.8,1.288
2025-12-12,12:32:35.000,50.6317387,-2.3623035,16.6,1.157
2025-12-12,12:32:40.000,50.6317364,-2.3623924,17.2,1.176
2025-12-12,12:32:45.000,50.6317211,-2.3624720,17.6,1.194
2025-12-12,12:32:50.000,50.6317179,-2.3625635,17.8,1.194
2025-12-12,12:32:55.000,50.6317138,-2.3626453,18.0,1.213
2025-12-12,12:33:00.000,50.6317042,-2.3627122,18.0,1.148
2025-12-12,12:33:05.000,50.6316893,-2.3628012,17.6,1.157
2025-12-12,12:33:10.000,50.6316993,-2.3628743,17.8,1.120
2025-12-12,12:33:15.000,50.6317240,-2.3629141,18.8,1.054
2025-12-12,12:33:20.000,50.6317287,-2.3629838,19.4,1.026
2025-12-12,12:33:25.000,50.6317235,-2.3630753,19.6,1.073
2025-12-12,12:33:30.000,50.6317199,-2.3631559,20.0,1.110
2025-12-12,12:33:35.000,50.6317137,-2.3632456,20.2,1.138
2025-12-12,12:33:40.000,50.6316983,-2.3633300,20.4,1.157
2025-12-12,12:33:45.000,50.6316664,-2.3633975,20.6,1.185
2025-12-12,12:33:50.000,50.6316342,-2.3634828,20.6,1.204
2025-12-12,12:33:55.000,50.6316313,-2.3635751,20.8,1.222
2025-12-12,12:34:00.000,50.6316340,-2.3636639,21.0,1.232
2025-12-12,12:34:05.000,50.6316510,-2.3637541,21.4,1.241
2025-12-12,12:34:10.000,50.6316525,-2.3638309,21.6,1.232
2025-12-12,12:34:15.000,50.6316177,-2.3639171,22.0,1.241
2025-12-12,12:34:20.000,50.6315949,-2.3640287,22.4,1.288
2025-12-12,12:34:25.000,50.6315740,-2.3641037,21.8,1.353
2025-12-12,12:34:30.000,50.6315469,-2.3641693,21.6,1.288
2025-12-12,12:34:35.000,50.6315136,-2.3642531,21.8,1.288
2025-12-12,12:34:40.000,50.6314957,-2.3643509,22.0,1.334
2025-12-12,12:34:45.000,50.6314793,-2.3644394,22.0,1.325
2025-12-12,12:34:50.000,50.6314666,-2.3645378,22.4,1.372
2025-12-12,12:34:55.000,50.6314617,-2.3646247,22.6,1.334
2025-12-12,12:35:00.000,50.6314562,-2.3647040,22.2,1.306
2025-12-12,12:35:05.000,50.6314435,-2.3647838,22.8,1.269
2025-12-12,12:35:10.000,50.6314407,-2.3648807,23.6,1.278
2025-12-12,12:35:15.000,50.6314427,-2.3649519,23.6,1.222
2025-12-12,12:35:20.000,50.6314437,-2.3650147,24.0,1.120
2025-12-12,12:35:25.000,50.6314414,-2.3651003,24.2,1.157
2025-12-12,12:35:30.000,50.6314417,-2.3651932,24.4,1.185
2025-12-12,12:35:35.000,50.6314434,-2.3652755,24.2,1.185
2025-12-12,12:35:40.000,50.6314380,-2.3653708,25.4,1.222
2025-12-12,12:35:45.000,50.6314293,-2.3654575,26.4,1.222
2025-12-12,12:35:50.000,50.6314386,-2.3655472,26.8,1.232
2025-12-12,12:35:55.000,50.6314740,-2.3656293,26.6,1.250
2025-12-12,12:36:00.000,50.6315230,-2.3656819,26.2,1.269
2025-12-12,12:36:05.000,50.6315618,-2.3657088,26.2,1.222
2025-12-12,12:36:10.000,50.6315904,-2.3657445,26.6,1.138
2025-12-12,12:36:15.000,50.6316307,-2.3657806,27.4,1.101
2025-12-12,12:36:20.000,50.6316619,-2.3658419,27.8,1.092
2025-12-12,12:36:25.000,50.6316898,-2.3658989,28.0,1.082
2025-12-12,12:36:30.000,50.6317096,-2.3659505,28.8,1.073
2025-12-12,12:36:35.000,50.6317326,-2.3660217,29.2,1.064
2025-12-12,12:36:40.000,50.6317590,-2.3660608,29.6,1.036
2025-12-12,12:36:45.000,50.6317690,-2.3660883,29.8,0.000
2025-12-12,12:36:50.000,50.6317800,-2.3661210,30.0,0.000
2025-12-12,12:36:55.000,50.6317915,-2.3661681,30.4,0.000
2025-12-12,12:37:00.000,50.6318065,-2.3662324,31.0,0.560
2025-12-12,12:37:05.000,50.6318180,-2.3663182,31.6,1.185
2025-12-12,12:37:10.000,50.6318370,-2.3663959,32.0,1.194
2025-12-12,12:37:15.000,50.6318641,-2.3664702,33.2,1.222
2025-12-12,12:37:20.000,50.6318881,-2.3665462,33.2,1.166
2025-12-12,12:37:25.000,50.6319095,-2.3666299,33.6,1.213
2025-12-12,12:37:30.000,50.6319297,-2.3667071,34.2,1.176
2025-12-12,12:37:35.000,50.6319452,-2.3667804,34.8,1.110
2025-12-12,12:37:40.000,50.6319705,-2.3668662,35.6,1.148
2025-12-12,12:37:45.000,50.6319912,-2.3669552,35.4,1.176
2025-12-12,12:37:50.000,50.6320155,-2.3670386,35.8,1.213
2025-12-12,12:37:55.000,50.6320596,-2.3671116,36.2,1.232
2025-12-12,12:38:00.000,50.6320883,-2.3671712,36.8,1.232
2025-12-12,12:38:05.000,50.6321147,-2.3672389,37.2,1.222
2025-12-12,12:38:10.000,50.6321292,-2.3673333,37.4,1.241
2025-12-12,12:38:15.000,50.6321483,-2.3674201,37.6,1.278
2025-12-12,12:38:20.000,50.6321650,-2.3675122,37.8,1.278
2025-12-12,12:38:25.000,50.6321866,-2.3676080,38.0,1.288
2025-12-12,12:38:30.000,50.6322032,-2.3677046,38.0,1.306
2025-12-12,12:38:35.000,50.6322226,-2.3677984,38.4,1.325
2025-12-12,12:38:40.000,50.6322400,-2.3678856,38.2,1.325
2025-12-12,12:38:45.000,50.6322546,-2.3679745,38.4,1.325
2025-12-12,12:38:50.000,50.6322669,-2.3680722,38.4,1.325
2025-12-12,12:38:55.000,50.6322897,-2.3681727,38.4,1.334
2025-12-12,12:39:00.000,50.6323145,-2.3682561,38.4,1.344
2025-12-12,12:39:05.000,50.6323241,-2.3683542,39.0,1.353
2025-12-12,12:39:10.000,50.6323327,-2.3684430,39.2,1.353
2025-12-12,12:39:15.000,50.6323655,-2.3685298,39.4,1.353
2025-12-12,12:39:20.000,50.6323735,-2.3686218,39.4,1.353
2025-12-12,12:39:25.000,50.6323863,-2.3687061,39.2,1.334
2025-12-12,12:39:30.000,50.6323914,-2.3688088,39.2,1.390
2025-12-12,12:39:35.000,50.6324094,-2.3688967,39.4,1.381
2025-12-12,12:39:40.000,50.6324311,-2.3689926,39.0,1.372
2025-12-12,12:39:45.000,50.6324439,-2.3690844,38.4,1.400
2025-12-12,12:39:50.000,50.6324684,-2.3691665,38.0,1.362
2025-12-12,12:39:55.000,50.6324743,-2.3692014,37.2,1.194
2025-12-12,12:40:00.000,50.6324741,-2.3692074,36.8,0.000
2025-12-12,12:40:05.000,50.6324741,-2.3692074,36.8,0.000
2025-12-12,12:40:10.000,50.6324741,-2.3692074,36.6,0.000
2025-12-12,12:40:15.000,50.6324741,-2.3692074,36.8,0.000
2025-12-12,12:40:20.000,50.6324741,-2.3692074,36.6,0.000
2025-12-12,12:40:25.000,50.6324741,-2.3692074,36.6,0.000
2025-12-12,12:40:30.000,50.6324741,-2.3692074,36.8,0.000
2025-12-12,12:40:35.000,50.6324741,-2.3692074,36.8,0.000
2025-12-12,12:40:40.000,50.6324741,-2.3692074,37.0,0.000
2025-12-12,12:40:45.000,50.6324741,-2.3692074,37.2,0.000
2025-12-12,12:40:50.000,50.6324741,-2.3692074,37.4,0.000
2025-12-12,12:40:55.000,50.6324741,-2.3692074,37.6,0.000
2025-12-12,12:41:00.000,50.6324829,-2.3692420,37.2,0.000
2025-12-12,12:41:05.000,50.6325048,-2.3693340,36.8,1.428
2025-12-12,12:41:10.000,50.6325298,-2.3694322,36.2,1.465
2025-12-12,12:41:15.000,50.6325488,-2.3695286,35.8,1.446
2025-12-12,12:41:20.000,50.6325720,-2.3696263,35.4,1.418
2025-12-12,12:41:25.000,50.6325892,-2.3697130,35.0,1.409
2025-12-12,12:41:30.000,50.6326089,-2.3697737,34.8,1.138
2025-12-12,12:41:35.000,50.6326233,-2.3698530,34.4,1.129
2025-12-12,12:41:40.000,50.6326372,-2.3699304,34.0,1.129
2025-12-12,12:41:45.000,50.6326355,-2.3700107,34.4,1.129
2025-12-12,12:41:50.000,50.6326450,-2.3700995,34.6,1.185
2025-12-12,12:41:55.000,50.6326699,-2.3701734,34.8,1.185
2025-12-12,12:42:00.000,50.6327015,-2.3702342,35.2,1.176
2025-12-12,12:42:05.000,50.6327454,-2.3702889,35.8,1.176
2025-12-12,12:42:10.000,50.6327985,-2.3703410,36.2,1.241
2025-12-12,12:42:15.000,50.6328350,-2.3703960,36.2,1.213
2025-12-12,12:42:20.000,50.6328699,-2.3704621,36.8,1.222
2025-12-12,12:42:25.000,50.6329128,-2.3705186,37.2,1.213
2025-12-12,12:42:30.000,50.6329582,-2.3705714,37.8,1.213
2025-12-12,12:42:35.000,50.6329945,-2.3706197,38.4,1.213
2025-12-12,12:42:40.000,50.6330262,-2.3706608,39.0,1.157
2025-12-12,12:42:45.000,50.6330691,-2.3707161,40.0,1.148
2025-12-12,12:42:50.000,50.6331119,-2.3707607,40.4,1.157
2025-12-12,12:42:55.000,50.6331547,-2.3708011,41.0,1.120
2025-12-12,12:43:00.000,50.6332047,-2.3708419,41.8,1.129
2025-12-12,12:43:05.000,50.6332513,-2.3708931,42.0,1.194
2025-12-12,12:43:10.000,50.6332972,-2.3709314,42.4,1.213
2025-12-12,12:43:15.000,50.6333363,-2.3709653,42.4,1.138
2025-12-12,12:43:20.000,50.6333523,-2.3709865,43.0,1.017
2025-12-12,12:43:25.000,50.6333523,-2.3709866,42.8,0.000
2025-12-12,12:43:30.000,50.6333523,-2.3709866,42.8,0.000
2025-12-12,12:43:35.000,50.6333540,-2.3709858,42.8,0.000
2025-12-12,12:43:40.000,50.6333528,-2.3709854,42.8,0.000
2025-12-12,12:43:45.000,50.6333490,-2.3709833,43.0,0.000
2025-12-12,12:43:50.000,50.6333441,-2.3709803,43.2,0.000
2025-12-12,12:43:55.000,50.6333460,-2.3709739,43.6,0.000
2025-12-12,12:44:00.000,50.6334020,-2.3709926,43.8,1.474
2025-12-12,12:44:05.000,50.6334597,-2.3710097,44.6,1.250
2025-12-12,12:44:10.000,50.6335162,-2.3710368,45.4,1.353
2025-12-12,12:44:15.000,50.6335641,-2.3710878,45.8,1.241
2025-12-12,12:44:20.000,50.6335766,-2.3711768,45.8,1.260
2025-12-12,12:44:25.000,50.6336053,-2.3712537,45.6,1.232
2025-12-12,12:44:30.000,50.6336363,-2.3713348,45.2,1.316
2025-12-12,12:44:35.000,50.6336645,-2.3714080,45.0,1.269
2025-12-12,12:44:40.000,50.6337023,-2.3714850,44.6,1.297
2025-12-12,12:44:45.000,50.6337327,-2.3715659,43.8,1.288
2025-12-12,12:44:50.000,50.6337598,-2.3716333,43.4,1.288
2025-12-12,12:44:55.000,50.6337814,-2.3716614,42.6,1.222
2025-12-12,12:45:00.000,50.6338007,-2.3716816,41.6,0.905
2025-12-12,12:45:05.000,50.6338196,-2.3717047,40.6,0.000
2025-12-12,12:45:10.000,50.6338319,-2.3717240,39.0,0.000
2025-12-12,12:45:15.000,50.6338579,-2.3717646,38.0,0.569
2025-12-12,12:45:20.000,50.6338783,-2.3718070,37.0,0.000
2025-12-12,12:45:25.000,50.6339090,-2.3718626,36.0,1.166
2025-12-12,12:45:30.000,50.6339373,-2.3719157,34.8,0.000
2025-12-12,12:45:35.000,50.6339641,-2.3720013,34.0,1.110
2025-12-12,12:45:40.000,50.6339860,-2.3720902,33.2,1.334
2025-12-12,12:45:45.000,50.6340064,-2.3721668,32.8,1.222
2025-12-12,12:45:50.000,50.6340213,-2.3722384,32.0,1.204
2025-12-12,12:45:55.000,50.6340312,-2.3723095,31.6,1.157
2025-12-12,12:46:00.000,50.6340463,-2.3723446,30.6,0.868
2025-12-12,12:46:05.000,50.6340644,-2.3723941,29.4,0.849
2025-12-12,12:46:10.000,50.6340872,-2.3724259,29.2,0.765
2025-12-12,12:46:15.000,50.6341061,-2.3724901,28.8,0.840
2025-12-12,12:46:20.000,50.6341204,-2.3725513,28.4,0.961
2025-12-12,12:46:25.000,50.6341390,-2.3725761,27.4,0.877
2025-12-12,12:46:30.000,50.6341597,-2.3726067,27.0,0.765
2025-12-12,12:46:35.000,50.6341906,-2.3726621,26.2,0.821
2025-12-12,12:46:40.000,50.6342188,-2.3727287,25.4,0.942
2025-12-12,12:46:45.000,50.6342475,-2.3728030,25.0,1.026
2025-12-12,12:46:50.000,50.6342680,-2.3728731,24.4,1.045
2025-12-12,12:46:55.000,50.6342846,-2.3729424,23.8,1.045
2025-12-12,12:47:00.000,50.6342996,-2.3730216,23.4,1.064
2025-12-12,12:47:05.000,50.6343149,-2.3731088,22.6,1.120
2025-12-12,12:47:10.000,50.6343323,-2.3731709,22.6,1.129
2025-12-12,12:47:15.000,50.6343552,-2.3732296,22.2,1.092
2025-12-12,12:47:20.000,50.6343749,-2.3732777,21.8,1.036
2025-12-12,12:47:25.000,50.6343947,-2.3733181,21.4,0.868
2025-12-12,12:47:30.000,50.6344090,-2.3733784,21.2,0.812
2025-12-12,12:47:35.000,50.6344353,-2.3734372,20.0,0.933
2025-12-12,12:47:40.000,50.6344535,-2.3734881,19.0,0.849
2025-12-12,12:47:45.000,50.6344824,-2.3735248,17.8,0.868
2025-12-12,12:47:50.000,50.6345086,-2.3735705,17.2,0.877
2025-12-12,12:47:55.000,50.6345243,-2.3736044,17.4,0.681
2025-12-12,12:48:00.000,50.6345407,-2.3736455,17.4,0.662
2025-12-12,12:48:05.000,50.6345573,-2.3737032,16.8,0.728
2025-12-12,12:48:10.000,50.6345832,-2.3737666,15.6,0.849
2025-12-12,12:48:15.000,50.6345933,-2.3738029,15.4,0.812
2025-12-12,12:48:20.000,50.6346017,-2.3738102,15.6,0.634
2025-12-12,12:48:25.000,50.6346355,-2.3738520,15.6,0.709
2025-12-12,12:48:30.000,50.6346537,-2.3738739,15.4,0.625
2025-12-12,12:48:35.000,50.6346534,-2.3738789,15.0,0.000
2025-12-12,12:48:40.000,50.6346708,-2.3739011,15.0,0.000
2025-12-12,12:48:45.000,50.6346751,-2.3739511,15.0,0.756
2025-12-12,12:48:50.000,50.6346829,-2.3740008,14.4,0.728
2025-12-12,12:48:55.000,50.6347082,-2.3740426,13.8,0.821
2025-12-12,12:49:00.000,50.6347339,-2.3740876,14.2,0.802
2025-12-12,12:49:05.000,50.6347674,-2.3741453,13.4,0.877
2025-12-12,12:49:10.000,50.6347782,-2.3741974,12.8,0.858
2025-12-12,12:49:15.000,50.6347853,-2.3742172,12.6,0.644
2025-12-12,12:49:20.000,50.6347850,-2.3742161,12.6,0.000
2025-12-12,12:49:25.000,50.6347850,-2.3742161,12.4,0.000
2025-12-12,12:49:30.000,50.6347850,-2.3742161,12.2,0.000
2025-12-12,12:49:35.000,50.6347999,-2.3742696,12.2,1.138
2025-12-12,12:49:40.000,50.6348187,-2.3743357,12.2,1.054
2025-12-12,12:49:45.000,50.6348336,-2.3743912,11.4,0.858
2025-12-12,12:49:50.000,50.6348497,-2.3744346,11.0,0.793
2025-12-12,12:49:55.000,50.6348744,-2.3744544,10.2,0.709
2025-12-12,12:50:00.000,50.6348777,-2.3744549,10.0,0.569
2025-12-12,12:50:05.000,50.6348777,-2.3744550,10.0,0.000
2025-12-12,12:50:10.000,50.6348948,-2.3744885,9.8,0.000
2025-12-12,12:50:15.000,50.6349218,-2.3745307,9.0,0.000
2025-12-12,12:50:20.000,50.6349382,-2.3745939,8.6,0.896
2025-12-12,12:50:25.000,50.6349472,-2.3746582,8.4,0.877
2025-12-12,12:50:30.000,50.6349606,-2.3747192,8.4,0.896
2025-12-12,12:50:35.000,50.6349745,-2.3747950,8.2,0.914
2025-12-12,12:50:40.000,50.6349821,-2.3748691,7.6,0.952
2025-12-12,12:50:45.000,50.6349704,-2.3749221,7.4,1.017
2025-12-12,12:50:50.000,50.6349469,-2.3749674,6.8,0.933
2025-12-12,12:50:55.000,50.6349372,-2.3750356,6.6,0.942
2025-12-12,12:51:00.000,50.6349393,-2.3751253,6.4,0.989
2025-12-12,12:51:05.000,50.6349317,-2.3751867,6.2,1.008
2025-12-12,12:51:10.000,50.6348830,-2.3752008,6.0,1.026
2025-12-12,12:51:15.000,50.6348388,-2.3752287,6.2,1.064
2025-12-12,12:51:20.000,50.6348112,-2.3752204,6.0,1.026
2025-12-12,12:51:25.000,50.6347978,-2.3751953,6.0,0.905
2025-12-12,12:51:30.000,50.6348158,-2.3752238,6.4,0.000
2025-12-12,12:51:35.000,50.6348326,-2.3752860,6.4,0.383
2025-12-12,12:51:40.000,50.6348342,-2.3753571,6.8,0.914
2025-12-12,12:51:45.000,50.6348421,-2.3754180,7.8,0.924
2025-12-12,12:51:50.000,50.6348494,-2.3754870,8.8,0.998
2025-12-12,12:51:55.000,50.6348590,-2.3755405,9.8,0.830
2025-12-12,12:52:00.000,50.6348709,-2.3755945,10.6,0.821
2025-12-12,12:52:05.000,50.6348753,-2.3756256,11.4,0.644
2025-12-12,12:52:10.000,50.6348889,-2.3756635,12.6,0.588
2025-12-12,12:52:15.000,50.6349355,-2.3756738,13.4,0.896
2025-12-12,12:52:20.000,50.6349756,-2.3756935,13.8,0.942
2025-12-12,12:52:25.000,50.6350233,-2.3757194,14.2,1.017
2025-12-12,12:52:30.000,50.6350741,-2.3757634,14.8,1.148
2025-12-12,12:52:35.000,50.6351128,-2.3757942,15.2,1.148
2025-12-12,12:52:40.000,50.6351187,-2.3757928,15.0,1.092
2025-12-12,12:52:45.000,50.6351258,-2.3757820,14.8,0.000
2025-12-12,12:52:50.000,50.6351377,-2.3757753,14.6,0.000
2025-12-12,12:52:55.000,50.6351399,-2.3757761,14.4,0.000
2025-12-12,12:53:00.000,50.6351384,-2.3757777,14.2,0.000
2025-12-12,12:53:05.000,50.6351398,-2.3757827,14.0,0.000
2025-12-12,12:53:10.000,50.6351330,-2.3757929,13.8,0.000
2025-12-12,12:53:15.000,50.6351307,-2.3758067,13.6,0.000
2025-12-12,12:53:20.000,50.6351054,-2.3757686,13.4,0.000
2025-12-12,12:53:25.000,50.6351258,-2.3756946,13.4,0.364
2025-12-12,12:53:30.000,50.6351579,-2.3756192,13.8,1.232
2025-12-12,12:53:35.000,50.6351934,-2.3755509,13.8,1.250
2025-12-12,12:53:40.000,50.6352446,-2.3755055,13.8,1.213
2025-12-12,12:53:45.000,50.6352989,-2.3754680,14.2,1.288
2025-12-12,12:53:50.000,50.6353513,-2.3754271,14.0,1.288
2025-12-12,12:53:55.000,50.6353978,-2.3754025,14.2,1.204
2025-12-12,12:54:00.000,50.6354430,-2.3753703,14.8,1.176
2025-12-12,12:54:05.000,50.6354706,-2.3753610,14.8,1.148
2025-12-12,12:54:10.000,50.6354677,-2.3753586,14.8,0.000
2025-12-12,12:54:15.000,50.6354757,-2.3753589,14.8,0.000
2025-12-12,12:54:20.000,50.6354719,-2.3753601,14.8,0.000
2025-12-12,12:54:25.000,50.6354417,-2.3753731,14.8,0.000
2025-12-12,12:54:30.000,50.6354611,-2.3753628,15.0,0.765
2025-12-12,12:54:35.000,50.6354653,-2.3753806,14.4,0.000
2025-12-12,12:54:40.000,50.6354674,-2.3753781,14.6,0.000
